task_id,assigned_to,estimated_duration (hrs),actual_duration (hrs),completed_on
task_0001,41afd334-ad10-48b3-8ba9-2c8b81b2c92f,3.5,4.7,2024-11-20T17:05:22
task_0002,7f293d2b-8874-46b9-838c-8531732ef0d6,1.3,2.5,2024-05-21T14:32:32
task_0003,208e89df-4ede-4bad-82d3-5987b4112fa3,1.8,3.0,2024-10-21T10:58:22
task_0004,ca559213-b39d-4fc0-aefa-548e24cbad22,3.9,4.6,2024-11-20T13:07:47
task_0005,310bc2db-843c-42ce-9961-70a493889cc8,1.4,1.6,2025-01-28T07:12:33
task_0006,271dd21e-0742-4856-b178-bcdeec6b12d7,1.1,2.1,2025-01-19T07:56:54
task_0007,271bf8c6-3e9c-46a8-84ae-efad691f496c,3.5,3.6,2025-05-22T05:11:11
task_0008,196dc879-b3bd-424c-907a-93a60e0f9633,4.0,3.7,2024-11-03T16:40:34
task_0009,1a68003b-ef0c-45fa-bac5-dfcad779e63d,1.1,0.7,2024-07-13T13:06:41
task_0010,3e4eab52-5a1a-4a51-9315-206f3ea4ad33,2.5,2.7,2024-09-19T17:37:58
task_0011,2696d2ee-6d67-4b6e-a881-bcd04655d292,2.9,2.9,2024-11-05T23:56:14
task_0012,2a547cde-4c23-48f9-80ba-70739f08687a,2.7,3.1,2025-04-12T12:29:03
task_0013,47dec98c-c663-4589-adc2-924290164982,2.2,2.7,2024-05-16T03:57:58
task_0014,e4a1b30d-977d-4900-918b-7976f6efcaaf,4.1,4.8,2024-11-19T20:57:40
task_0015,5cb4fcf7-3450-4ce2-9112-902ef278eddd,3.9,3.6,2024-07-06T14:08:54
task_0016,23b90238-7392-404b-bcb2-97c0a8429b51,3.2,4.1,2024-10-28T19:50:20
task_0017,95accbc9-a78f-4744-820a-557c9f5e0dca,3.6,3.2,2024-07-07T20:26:49
task_0018,2ec7ffb9-5e99-4e26-96a9-0a80423442be,4.0,4.4,2025-01-07T02:23:49
task_0019,f4bfa4b5-b918-49d4-be6d-f28357628f91,1.8,2.4,2024-06-16T04:52:16
task_0020,0db430d6-b8b8-4ebe-8f52-132b1c17b5e3,3.8,4.8,2025-01-17T16:14:20
task_0021,ecf07a72-dec6-4134-8ee8-9e289d2f5f7f,1.8,2.6,2025-05-06T16:24:06
task_0022,e0b15063-c124-4361-9829-a7e14b90a373,3.2,2.8,2025-04-18T15:13:21
task_0023,c718e047-9ab0-4e23-95b8-b0be09a21e0c,1.5,2.5,2024-11-20T02:51:21
task_0024,77fd5b0b-2a8b-4543-a3da-489a26638275,3.2,3.9,2024-10-27T23:27:38
task_0025,84c941fe-ef09-45cc-9459-c9a189660447,3.6,4.6,2024-09-28T22:53:33
task_0026,1b357154-3d14-410f-ab79-ffa0e3233807,4.4,4.3,2025-04-07T11:07:08
task_0027,ea75e6e1-7f78-45fa-a1bc-1843011d956f,2.2,2.8,2025-01-05T03:34:29
task_0028,875ec64b-b465-4e86-9bff-7b4dbd7661d6,2.1,1.6,2024-11-07T01:29:34
task_0029,5cb4fcf7-3450-4ce2-9112-902ef278eddd,1.9,2.8,2024-11-25T19:10:13
task_0030,f4bfa4b5-b918-49d4-be6d-f28357628f91,2.5,2.8,2024-05-29T20:53:13
task_0031,271bf8c6-3e9c-46a8-84ae-efad691f496c,3.3,3.0,2025-03-10T19:32:40
task_0032,41afd334-ad10-48b3-8ba9-2c8b81b2c92f,1.4,2.8,2025-04-06T03:25:48
task_0033,e74f5a3e-cf98-4e27-b541-8f997923be4b,2.0,1.8,2025-03-26T17:16:30
task_0034,89fe9d76-931a-43b7-a7c3-ab809cdeff22,2.2,2.3,2025-01-13T02:05:19
task_0035,09caeb47-010e-470d-84f5-47ac631583e6,2.7,2.7,2024-07-29T00:10:02
task_0036,1c23ddb8-7ed2-4fcc-b62c-7cfe0e2621aa,4.8,4.3,2025-01-01T07:18:14
task_0037,2ec7ffb9-5e99-4e26-96a9-0a80423442be,4.6,4.9,2025-04-13T23:16:02
task_0038,fb5a4b74-1af0-4a06-9d53-67ba596158ea,4.5,4.4,2024-08-07T03:45:49
task_0039,77fd5b0b-2a8b-4543-a3da-489a26638275,4.1,4.7,2024-11-08T23:26:45
task_0040,2ec7ffb9-5e99-4e26-96a9-0a80423442be,4.2,3.7,2024-06-12T05:02:30
task_0041,ffa927da-9664-47eb-84be-41782eab57b9,3.4,4.0,2024-12-31T11:50:59
task_0042,80832db7-07d5-4591-a01d-bb1386c3560f,2.3,2.0,2024-12-07T17:27:53
task_0043,1432836e-3ded-4737-a750-2c0010c31b92,4.8,5.7,2025-04-24T17:04:22
task_0044,4a2291be-2410-4b98-9d1f-2ec08e372461,1.6,1.4,2024-12-15T03:48:16
task_0045,2944ce65-f9c6-49c0-a673-9bd090ed612a,3.5,4.6,2024-06-03T01:24:03
task_0046,f4bfa4b5-b918-49d4-be6d-f28357628f91,1.6,2.8,2024-09-22T07:49:15
task_0047,09caeb47-010e-470d-84f5-47ac631583e6,3.1,3.6,2024-09-28T16:26:11
task_0048,9180c12d-b1a4-4ac8-a443-eb7eb201b706,3.8,4.3,2024-11-18T21:03:12
task_0049,706b6039-7413-4964-bc66-60c60effc291,2.0,2.4,2025-03-11T09:21:27
task_0050,95accbc9-a78f-4744-820a-557c9f5e0dca,2.6,2.4,2024-11-07T20:33:14
task_0051,d1673cd7-3b56-40b2-acd4-096ac3e570da,2.9,3.8,2025-02-25T12:07:48
task_0052,0db430d6-b8b8-4ebe-8f52-132b1c17b5e3,4.2,5.4,2025-04-09T18:00:36
task_0053,4a2291be-2410-4b98-9d1f-2ec08e372461,2.6,2.8,2024-12-13T14:06:12
task_0054,c03a4220-49c9-4c7f-898a-0c137a6e2907,3.5,4.6,2025-01-02T21:29:44
task_0055,ffa927da-9664-47eb-84be-41782eab57b9,4.8,4.4,2024-08-19T11:16:38
task_0056,317b3881-c33f-4f67-b837-3f77d46aed29,3.1,3.2,2025-03-25T16:12:17
task_0057,c2ec71ee-72f1-4b27-bd0d-db8cbb215a64,1.6,1.4,2024-04-29T01:25:15
task_0058,1a68003b-ef0c-45fa-bac5-dfcad779e63d,2.7,3.6,2024-12-06T09:04:50
task_0059,e4a1b30d-977d-4900-918b-7976f6efcaaf,4.3,4.3,2025-04-07T20:11:42
task_0060,7258e4d8-aa1d-4591-ac48-9a6a0673e6f8,1.1,1.8,2025-02-06T11:42:03
task_0061,e4a1b30d-977d-4900-918b-7976f6efcaaf,3.0,2.7,2025-01-06T11:58:07
task_0062,3e4eab52-5a1a-4a51-9315-206f3ea4ad33,4.1,4.4,2025-03-31T18:27:47
task_0063,ca559213-b39d-4fc0-aefa-548e24cbad22,4.1,4.1,2025-03-16T19:52:48
task_0064,09571b8c-17cf-43a8-a1b9-8859724aa8f2,3.6,3.5,2024-11-01T16:33:44
task_0065,ca344e2d-166d-4ade-82cf-61715d33394a,3.2,4.1,2024-12-02T13:07:58
task_0066,2696d2ee-6d67-4b6e-a881-bcd04655d292,2.5,3.2,2024-05-05T21:47:32
task_0067,4a8044a8-d156-4aef-bfd0-a94523ceba8b,1.1,2.5,2024-07-27T16:05:41
task_0068,1432836e-3ded-4737-a750-2c0010c31b92,2.8,3.1,2024-09-20T07:31:07
task_0069,7fcc1b2e-80a1-494d-a2c4-c640baf72ffc,3.3,3.3,2025-02-02T21:40:33
task_0070,92e8bcce-27c0-4d44-9a56-38e42ec0a698,3.8,4.1,2024-08-12T22:18:28
task_0071,706b6039-7413-4964-bc66-60c60effc291,3.0,3.9,2025-02-09T12:30:25
task_0072,77d2b3fb-b187-42b8-86ed-6d2a92d49b20,4.1,5.1,2024-07-25T13:22:27
task_0073,fb6b97c4-ef37-439b-b899-8e7efc16023e,1.9,2.6,2024-07-11T06:22:08
task_0074,b9b204a9-df91-4af5-8c13-c3a5cbf8fbc9,3.5,3.4,2024-11-04T09:55:06
task_0075,a6b1e04b-7aeb-449f-aa96-779f1a4a61d9,1.2,1.6,2025-02-12T17:37:17
task_0076,9180c12d-b1a4-4ac8-a443-eb7eb201b706,2.0,2.1,2025-01-20T06:11:25
task_0077,2ec8791b-afbd-474f-a05a-5053c6af72c1,4.8,4.4,2024-12-18T06:42:51
task_0078,5c890ecd-15d8-4f9e-9869-6870568eba39,1.9,1.9,2024-09-19T01:50:24
task_0079,f4bfa4b5-b918-49d4-be6d-f28357628f91,3.0,4.2,2025-04-05T08:22:41
task_0080,310bc2db-843c-42ce-9961-70a493889cc8,3.3,3.4,2024-12-22T03:42:18
task_0081,ea75e6e1-7f78-45fa-a1bc-1843011d956f,2.0,3.4,2024-07-15T18:39:32
task_0082,196dc879-b3bd-424c-907a-93a60e0f9633,1.9,2.7,2024-12-10T03:50:15
task_0083,c718e047-9ab0-4e23-95b8-b0be09a21e0c,4.2,3.7,2024-07-23T17:43:27
task_0084,3f363020-b29f-4369-9a9d-39f16aba23da,3.8,5.1,2024-12-11T01:35:11
task_0085,e3c97ffe-e22f-4a7d-96d5-9a4abf1bc66f,1.2,1.5,2025-01-25T09:09:19
task_0086,77fd5b0b-2a8b-4543-a3da-489a26638275,3.3,3.6,2024-12-13T19:04:37
task_0087,f804d19b-f85b-4842-8a8b-3a9f41aeac87,5.0,6.3,2025-05-29T08:07:04
task_0088,43bdeeb9-8d40-4341-8f49-765dc91c1601,2.4,3.8,2025-03-01T18:57:25
task_0089,7fcc1b2e-80a1-494d-a2c4-c640baf72ffc,2.9,2.7,2025-02-03T21:13:57
task_0090,2ec8791b-afbd-474f-a05a-5053c6af72c1,1.1,1.3,2025-02-15T18:46:23
task_0091,038b01b1-8812-41f2-a9d9-2921d47afbf3,4.7,6.0,2024-11-06T02:47:06
task_0092,fb6b97c4-ef37-439b-b899-8e7efc16023e,2.9,2.7,2024-10-31T13:52:41
task_0093,09571b8c-17cf-43a8-a1b9-8859724aa8f2,4.3,4.8,2025-01-11T07:01:33
task_0094,b9b204a9-df91-4af5-8c13-c3a5cbf8fbc9,3.9,5.1,2024-06-30T19:46:16
task_0095,1432836e-3ded-4737-a750-2c0010c31b92,1.5,2.1,2025-03-23T16:55:27
task_0096,c2ec71ee-72f1-4b27-bd0d-db8cbb215a64,4.6,5.3,2025-01-31T11:54:33
task_0097,317b3881-c33f-4f67-b837-3f77d46aed29,1.8,2.2,2024-12-17T09:07:55
task_0098,9180c12d-b1a4-4ac8-a443-eb7eb201b706,4.1,5.1,2024-11-25T14:04:02
task_0099,fb5a4b74-1af0-4a06-9d53-67ba596158ea,4.0,3.7,2024-11-18T23:18:27
task_0100,3e4eab52-5a1a-4a51-9315-206f3ea4ad33,2.8,4.3,2025-02-28T22:32:03
task_0101,dc48e99f-c0b7-41eb-a777-629945421473,2.0,2.9,2025-04-17T21:59:07
task_0102,57467426-f5f5-4a8d-a8f1-1685e16f793d,2.4,3.1,2024-07-29T01:05:29
task_0103,6c2bc8d9-927e-4914-b5c8-93eaccc37680,2.4,3.1,2025-04-16T04:01:28
task_0104,875ec64b-b465-4e86-9bff-7b4dbd7661d6,1.9,2.5,2025-05-03T00:30:38
task_0105,6cf18b34-7b85-4c30-b1f0-899c4c12feac,4.8,4.6,2025-01-23T18:41:47
task_0106,a6b1e04b-7aeb-449f-aa96-779f1a4a61d9,4.8,6.2,2024-08-11T17:22:46
task_0107,1c1e3c80-1d84-46c7-8a60-688eaec5a929,1.5,2.6,2024-06-25T06:51:14
task_0108,7258e4d8-aa1d-4591-ac48-9a6a0673e6f8,1.3,2.7,2024-11-16T15:45:04
task_0109,7b805b71-c758-4dd7-8daf-e13886a81031,3.8,5.0,2024-08-01T19:00:24
task_0110,271bf8c6-3e9c-46a8-84ae-efad691f496c,4.7,5.3,2024-09-14T10:32:38
task_0111,80832db7-07d5-4591-a01d-bb1386c3560f,2.0,2.8,2025-06-14T02:40:17
task_0112,7f293d2b-8874-46b9-838c-8531732ef0d6,4.5,4.8,2025-03-22T03:46:32
task_0113,e0b15063-c124-4361-9829-a7e14b90a373,1.8,3.3,2024-10-10T01:41:13
task_0114,23b90238-7392-404b-bcb2-97c0a8429b51,3.9,3.9,2024-10-08T15:49:59
task_0115,1fa9675c-3f11-444a-98fc-380b46d065c8,3.8,4.0,2025-04-17T16:33:57
task_0116,98287e9a-37ee-4bb0-b7e8-55cdd424f1a6,4.0,3.7,2024-10-21T16:07:11
task_0117,ca559213-b39d-4fc0-aefa-548e24cbad22,4.5,4.0,2024-09-22T12:10:42
task_0118,fac7b9bb-9a38-4823-a280-7be33fca7070,4.6,4.9,2024-06-08T04:02:47
task_0119,57467426-f5f5-4a8d-a8f1-1685e16f793d,2.7,3.8,2024-07-08T00:30:53
task_0120,fac7b9bb-9a38-4823-a280-7be33fca7070,2.2,2.9,2024-11-02T21:58:11
task_0121,2820fa36-8a4c-47ed-9289-1838e14a79da,4.4,4.6,2024-11-14T12:20:49
task_0122,fe33116c-57bf-4388-89c8-c359b7f3df45,2.4,3.5,2025-04-24T17:54:04
task_0123,ffa927da-9664-47eb-84be-41782eab57b9,3.7,3.4,2025-05-04T17:20:17
task_0124,87a15546-4ea9-44b2-a17a-3054585a3eae,3.0,2.8,2025-03-13T05:53:40
task_0125,77fd5b0b-2a8b-4543-a3da-489a26638275,5.0,4.9,2024-11-17T23:09:56
task_0126,2944ce65-f9c6-49c0-a673-9bd090ed612a,1.1,2.6,2024-05-25T16:43:16
task_0127,2a547cde-4c23-48f9-80ba-70739f08687a,4.2,3.8,2025-01-30T18:05:24
task_0128,7f293d2b-8874-46b9-838c-8531732ef0d6,5.0,6.2,2024-07-06T09:03:11
task_0129,ca6e858a-b6ee-446d-b854-1d0f1146bab0,3.5,4.2,2024-08-06T23:08:23
task_0130,43bdeeb9-8d40-4341-8f49-765dc91c1601,4.2,3.8,2024-12-20T10:16:26
task_0131,3f363020-b29f-4369-9a9d-39f16aba23da,4.6,4.9,2024-06-11T13:47:06
task_0132,2d4c4fea-3e3e-497b-b3a7-161a22fd2185,4.3,5.0,2024-07-16T21:39:47
task_0133,da9e4494-4f3d-4e50-9bd3-0d84e4b4018a,4.2,5.6,2024-11-06T12:50:34
task_0134,706b6039-7413-4964-bc66-60c60effc291,2.9,2.7,2024-10-14T10:56:04
task_0135,3f45e5cd-a101-4a5d-b1b0-8780d2d16606,2.1,3.3,2024-07-27T12:32:16
task_0136,98287e9a-37ee-4bb0-b7e8-55cdd424f1a6,1.2,2.6,2024-12-16T21:59:00
task_0137,317b3881-c33f-4f67-b837-3f77d46aed29,4.8,4.4,2024-11-04T20:49:34
task_0138,706b6039-7413-4964-bc66-60c60effc291,2.4,2.1,2024-08-11T02:53:22
task_0139,1b357154-3d14-410f-ab79-ffa0e3233807,3.3,4.3,2024-10-30T00:54:01
task_0140,fb5a4b74-1af0-4a06-9d53-67ba596158ea,2.3,2.6,2024-09-28T21:31:56
task_0141,2ec8791b-afbd-474f-a05a-5053c6af72c1,4.5,5.2,2024-12-11T05:20:22
task_0142,77d2b3fb-b187-42b8-86ed-6d2a92d49b20,3.2,4.2,2025-04-20T00:39:13
task_0143,6c2bc8d9-927e-4914-b5c8-93eaccc37680,2.8,4.1,2024-09-02T09:22:10
task_0144,d1673cd7-3b56-40b2-acd4-096ac3e570da,3.4,4.2,2025-04-02T13:59:19
task_0145,7f293d2b-8874-46b9-838c-8531732ef0d6,1.6,2.6,2024-08-21T21:20:03
task_0146,f804d19b-f85b-4842-8a8b-3a9f41aeac87,4.5,4.7,2025-04-28T22:33:47
task_0147,c75a6f1b-0824-48ad-bafc-73128e3d01de,3.1,4.1,2024-08-09T00:22:57
task_0148,b732419f-1797-4200-8985-f15f847b0e53,1.8,3.0,2025-04-21T17:49:18
task_0149,3e4eab52-5a1a-4a51-9315-206f3ea4ad33,3.1,3.2,2025-03-05T21:45:42
task_0150,7f293d2b-8874-46b9-838c-8531732ef0d6,2.8,2.9,2024-10-10T06:03:02
task_0151,47dec98c-c663-4589-adc2-924290164982,1.4,2.0,2024-08-28T02:42:12
task_0152,dc48e99f-c0b7-41eb-a777-629945421473,1.9,3.4,2025-02-11T00:27:45
task_0153,77fd5b0b-2a8b-4543-a3da-489a26638275,1.6,1.1,2025-06-16T17:04:19
task_0154,3f363020-b29f-4369-9a9d-39f16aba23da,4.8,4.5,2025-05-08T16:07:32
task_0155,da9e4494-4f3d-4e50-9bd3-0d84e4b4018a,1.0,2.0,2024-06-30T15:12:23
task_0156,b732419f-1797-4200-8985-f15f847b0e53,1.6,1.7,2024-12-13T21:54:52
task_0157,310bc2db-843c-42ce-9961-70a493889cc8,1.3,1.3,2025-01-08T10:53:30
task_0158,1b357154-3d14-410f-ab79-ffa0e3233807,2.7,2.6,2024-10-07T02:44:12
task_0159,2a547cde-4c23-48f9-80ba-70739f08687a,2.5,2.8,2024-09-17T11:43:03
task_0160,f07e647b-8ac0-46b7-96f3-965785e5197e,1.6,3.0,2024-08-19T03:02:56
task_0161,fe33116c-57bf-4388-89c8-c359b7f3df45,4.5,4.7,2024-07-16T08:35:51
task_0162,1fa9675c-3f11-444a-98fc-380b46d065c8,4.8,6.2,2024-11-10T06:37:30
task_0163,ffa927da-9664-47eb-84be-41782eab57b9,4.6,5.6,2024-07-18T17:02:25
task_0164,87a15546-4ea9-44b2-a17a-3054585a3eae,3.1,3.2,2024-10-19T22:32:04
task_0165,43bdeeb9-8d40-4341-8f49-765dc91c1601,3.9,3.9,2025-03-28T04:02:42
task_0166,208e89df-4ede-4bad-82d3-5987b4112fa3,3.7,4.5,2024-07-16T07:43:53
task_0167,414c100d-b69b-4fa5-969e-a302e25987ce,2.1,2.0,2024-10-02T23:44:23
task_0168,6cf18b34-7b85-4c30-b1f0-899c4c12feac,4.2,4.8,2024-06-25T23:49:44
task_0169,5c890ecd-15d8-4f9e-9869-6870568eba39,3.5,3.9,2024-11-10T20:48:00
task_0170,6c2bc8d9-927e-4914-b5c8-93eaccc37680,3.8,3.7,2024-07-19T01:55:08
task_0171,ecf07a72-dec6-4134-8ee8-9e289d2f5f7f,4.8,4.6,2025-05-12T02:35:55
task_0172,f07e647b-8ac0-46b7-96f3-965785e5197e,2.8,4.1,2025-01-01T18:26:11
task_0173,271dd21e-0742-4856-b178-bcdeec6b12d7,4.5,4.1,2024-12-17T08:31:50
task_0174,f4bfa4b5-b918-49d4-be6d-f28357628f91,1.2,2.0,2024-09-02T12:40:09
task_0175,98287e9a-37ee-4bb0-b7e8-55cdd424f1a6,2.9,3.0,2024-05-27T11:43:12
task_0176,95accbc9-a78f-4744-820a-557c9f5e0dca,1.3,1.0,2025-02-03T03:51:21
task_0177,57467426-f5f5-4a8d-a8f1-1685e16f793d,1.9,1.4,2024-07-01T14:03:29
task_0178,669676df-aafa-4608-a4ae-8ff08c46e804,4.1,4.6,2025-01-06T09:46:04
task_0179,bea6b86d-ad55-4747-bb94-f47828f5c62f,3.5,4.1,2024-06-12T11:08:56
task_0180,c2ec71ee-72f1-4b27-bd0d-db8cbb215a64,4.8,5.6,2024-10-26T20:43:19
task_0181,65705e50-575f-43e2-94b4-301ec6ac0cd2,2.3,2.3,2025-01-22T17:26:28
task_0182,ca6e858a-b6ee-446d-b854-1d0f1146bab0,4.7,5.4,2024-08-15T03:36:31
task_0183,dc48e99f-c0b7-41eb-a777-629945421473,1.5,1.8,2024-06-27T09:00:30
task_0184,4a2291be-2410-4b98-9d1f-2ec08e372461,1.3,2.1,2025-04-11T05:05:19
task_0185,1c1e3c80-1d84-46c7-8a60-688eaec5a929,2.5,3.0,2024-09-15T19:22:46
task_0186,c762dde2-c1e5-4a70-8500-340e2cb03147,2.0,2.7,2025-06-09T09:47:12
task_0187,c718e047-9ab0-4e23-95b8-b0be09a21e0c,1.8,2.4,2025-01-14T02:11:24
task_0188,3f45e5cd-a101-4a5d-b1b0-8780d2d16606,2.4,2.6,2025-02-13T17:55:50
task_0189,2820fa36-8a4c-47ed-9289-1838e14a79da,2.6,3.3,2024-05-18T07:12:16
task_0190,84c941fe-ef09-45cc-9459-c9a189660447,4.9,6.3,2025-01-15T18:58:41
task_0191,1fa9675c-3f11-444a-98fc-380b46d065c8,4.0,4.8,2024-07-09T15:02:27
task_0192,6c2bc8d9-927e-4914-b5c8-93eaccc37680,3.1,3.6,2024-12-07T23:18:06
task_0193,8b9e9251-e69d-4d61-a3c3-05ba4f19ab5c,1.7,3.0,2025-05-07T09:12:49
task_0194,1f962965-4fef-4ad8-9b91-e6a871da1529,2.1,3.2,2025-02-02T17:24:14
task_0195,43bdeeb9-8d40-4341-8f49-765dc91c1601,1.7,2.9,2024-05-27T12:05:48
task_0196,2d4c4fea-3e3e-497b-b3a7-161a22fd2185,4.3,4.9,2024-12-04T09:23:10
task_0197,669676df-aafa-4608-a4ae-8ff08c46e804,1.4,2.7,2025-03-29T09:08:11
task_0198,c2ec71ee-72f1-4b27-bd0d-db8cbb215a64,4.0,4.1,2025-04-24T19:09:37
task_0199,da9e4494-4f3d-4e50-9bd3-0d84e4b4018a,3.1,3.0,2024-09-15T11:31:38
task_0200,fb6b97c4-ef37-439b-b899-8e7efc16023e,2.8,4.2,2024-11-28T23:12:05
task_0201,3226b279-9f6f-4b55-9fe0-edfd9d4f742f,3.7,4.5,2024-12-31T02:49:03
task_0202,ecf07a72-dec6-4134-8ee8-9e289d2f5f7f,2.1,3.4,2024-06-21T11:04:13
task_0203,2820fa36-8a4c-47ed-9289-1838e14a79da,3.0,3.2,2025-01-05T11:38:43
task_0204,23b90238-7392-404b-bcb2-97c0a8429b51,3.4,3.1,2024-07-30T04:57:45
task_0205,7258e4d8-aa1d-4591-ac48-9a6a0673e6f8,1.3,2.5,2024-08-31T16:28:17
task_0206,c762dde2-c1e5-4a70-8500-340e2cb03147,2.5,3.0,2024-05-17T19:27:04
task_0207,95accbc9-a78f-4744-820a-557c9f5e0dca,3.4,2.9,2025-01-07T21:02:57
task_0208,b9b204a9-df91-4af5-8c13-c3a5cbf8fbc9,1.2,2.4,2025-04-25T23:13:32
task_0209,80832db7-07d5-4591-a01d-bb1386c3560f,3.6,3.8,2024-12-17T13:51:52
task_0210,2d4c4fea-3e3e-497b-b3a7-161a22fd2185,2.9,2.5,2025-01-14T07:01:24
task_0211,ecf07a72-dec6-4134-8ee8-9e289d2f5f7f,4.9,6.0,2024-05-11T21:53:03
task_0212,271bf8c6-3e9c-46a8-84ae-efad691f496c,3.9,3.5,2024-11-01T10:47:44
task_0213,f804d19b-f85b-4842-8a8b-3a9f41aeac87,4.4,5.2,2025-01-03T17:27:45
task_0214,aa586e72-5502-4d96-a8ad-6b245199054b,1.3,1.2,2024-09-02T07:02:50
task_0215,7fcc1b2e-80a1-494d-a2c4-c640baf72ffc,2.8,3.9,2025-04-18T15:31:18
task_0216,41afd334-ad10-48b3-8ba9-2c8b81b2c92f,2.4,3.5,2024-07-28T10:03:03
task_0217,2944ce65-f9c6-49c0-a673-9bd090ed612a,3.9,4.3,2024-11-11T06:29:54
task_0218,c762dde2-c1e5-4a70-8500-340e2cb03147,4.7,5.8,2025-01-02T01:29:42
task_0219,87a15546-4ea9-44b2-a17a-3054585a3eae,1.3,2.3,2025-03-24T14:59:23
task_0220,c762dde2-c1e5-4a70-8500-340e2cb03147,2.0,2.7,2024-07-22T23:59:04
task_0221,d6fdcb30-106e-4434-bdbb-8d4069cbf302,3.6,4.3,2024-09-08T00:43:04
task_0222,92e8bcce-27c0-4d44-9a56-38e42ec0a698,2.2,3.3,2025-03-01T17:50:08
task_0223,2ec8791b-afbd-474f-a05a-5053c6af72c1,4.6,4.5,2024-08-09T16:03:17
task_0224,f804d19b-f85b-4842-8a8b-3a9f41aeac87,2.1,1.8,2025-03-12T03:10:25
task_0225,80832db7-07d5-4591-a01d-bb1386c3560f,3.9,4.3,2025-03-02T15:29:30
task_0226,7fcc1b2e-80a1-494d-a2c4-c640baf72ffc,2.8,2.9,2024-10-25T18:44:55
task_0227,ca6e858a-b6ee-446d-b854-1d0f1146bab0,1.8,1.4,2024-05-16T10:49:35
task_0228,1a68003b-ef0c-45fa-bac5-dfcad779e63d,4.9,6.3,2024-12-21T20:48:38
task_0229,ca6e858a-b6ee-446d-b854-1d0f1146bab0,2.9,3.0,2025-02-15T15:40:22
task_0230,41afd334-ad10-48b3-8ba9-2c8b81b2c92f,3.4,3.8,2024-11-27T22:34:50
task_0231,7f293d2b-8874-46b9-838c-8531732ef0d6,2.2,3.2,2024-06-18T18:08:20
task_0232,9180c12d-b1a4-4ac8-a443-eb7eb201b706,2.5,2.0,2024-07-29T13:11:31
task_0233,57467426-f5f5-4a8d-a8f1-1685e16f793d,4.4,4.8,2024-09-21T05:19:56
task_0234,ca559213-b39d-4fc0-aefa-548e24cbad22,2.3,2.9,2025-01-16T14:33:03
task_0235,2a547cde-4c23-48f9-80ba-70739f08687a,2.3,2.7,2025-02-13T10:28:35
task_0236,1e94a821-91c2-47b5-97b0-6e29655c0cea,3.9,3.7,2024-08-04T07:59:50
task_0237,77d2b3fb-b187-42b8-86ed-6d2a92d49b20,3.0,4.0,2024-06-14T01:43:14
task_0238,99d840d9-46c9-4dfa-89d5-de0920195591,3.9,4.0,2025-01-06T00:06:11
task_0239,dc48e99f-c0b7-41eb-a777-629945421473,2.4,3.4,2024-09-15T18:27:53
task_0240,aa586e72-5502-4d96-a8ad-6b245199054b,1.7,2.8,2025-04-05T02:38:41
task_0241,d1673cd7-3b56-40b2-acd4-096ac3e570da,1.2,0.8,2025-04-24T12:54:45
task_0242,b732419f-1797-4200-8985-f15f847b0e53,2.5,3.9,2025-04-08T05:03:21
task_0243,7258e4d8-aa1d-4591-ac48-9a6a0673e6f8,3.5,4.9,2024-06-08T11:57:31
task_0244,dc48e99f-c0b7-41eb-a777-629945421473,3.3,3.6,2024-10-05T03:23:17
task_0245,414c100d-b69b-4fa5-969e-a302e25987ce,1.3,0.8,2024-09-03T05:40:03
task_0246,b9b204a9-df91-4af5-8c13-c3a5cbf8fbc9,4.6,4.8,2025-02-26T05:59:52
task_0247,d6fdcb30-106e-4434-bdbb-8d4069cbf302,4.6,5.8,2025-03-06T22:13:13
task_0248,f804d19b-f85b-4842-8a8b-3a9f41aeac87,2.8,2.4,2024-08-17T00:28:52
task_0249,c718e047-9ab0-4e23-95b8-b0be09a21e0c,1.3,2.4,2024-05-20T17:45:23
task_0250,7f293d2b-8874-46b9-838c-8531732ef0d6,4.9,5.2,2024-09-05T01:41:36
task_0251,47dec98c-c663-4589-adc2-924290164982,4.6,5.1,2024-10-28T05:23:39
task_0252,5cb4fcf7-3450-4ce2-9112-902ef278eddd,1.1,1.2,2025-03-05T11:20:21
task_0253,ea75e6e1-7f78-45fa-a1bc-1843011d956f,3.7,4.9,2025-01-13T00:14:20
task_0254,1c1e3c80-1d84-46c7-8a60-688eaec5a929,1.1,0.9,2025-03-18T02:39:12
task_0255,84c941fe-ef09-45cc-9459-c9a189660447,2.5,2.6,2025-02-12T16:50:02
task_0256,7992cd46-e42c-4b21-97a0-30f5f7a8ca33,3.1,2.8,2025-06-01T23:49:14
task_0257,2ec8791b-afbd-474f-a05a-5053c6af72c1,4.0,4.0,2025-03-31T17:40:29
task_0258,e74f5a3e-cf98-4e27-b541-8f997923be4b,1.9,2.4,2024-09-19T19:25:54
task_0259,2696d2ee-6d67-4b6e-a881-bcd04655d292,4.6,4.5,2024-06-07T06:31:22
task_0260,57467426-f5f5-4a8d-a8f1-1685e16f793d,2.7,3.9,2025-03-18T11:21:52
task_0261,2d4c4fea-3e3e-497b-b3a7-161a22fd2185,1.4,1.5,2025-03-18T02:55:33
task_0262,1432836e-3ded-4737-a750-2c0010c31b92,4.1,4.8,2025-05-10T10:19:13
task_0263,da9e4494-4f3d-4e50-9bd3-0d84e4b4018a,2.9,4.3,2025-05-09T21:23:47
task_0264,2d4c4fea-3e3e-497b-b3a7-161a22fd2185,3.6,3.1,2025-03-14T04:27:13
task_0265,875ec64b-b465-4e86-9bff-7b4dbd7661d6,3.4,3.7,2024-08-25T05:39:58
task_0266,1fa9675c-3f11-444a-98fc-380b46d065c8,1.5,1.5,2025-04-17T12:28:40
task_0267,aa586e72-5502-4d96-a8ad-6b245199054b,3.7,5.2,2025-02-11T22:45:01
task_0268,ffa927da-9664-47eb-84be-41782eab57b9,3.3,4.0,2025-04-25T11:53:12
task_0269,09571b8c-17cf-43a8-a1b9-8859724aa8f2,4.0,4.2,2024-07-19T18:15:24
task_0270,e0b15063-c124-4361-9829-a7e14b90a373,4.5,4.0,2024-07-14T03:34:41
task_0271,8be1cf26-5a9d-4899-b8c1-7c92d32496be,1.4,2.0,2025-05-05T05:09:03
task_0272,208e89df-4ede-4bad-82d3-5987b4112fa3,2.4,3.8,2024-09-13T11:18:45
task_0273,b732419f-1797-4200-8985-f15f847b0e53,3.2,3.7,2024-12-06T16:22:59
task_0274,96034307-900d-47ad-a243-3b693f196b17,5.0,5.0,2025-02-27T16:56:40
task_0275,2944ce65-f9c6-49c0-a673-9bd090ed612a,3.0,3.6,2025-03-19T14:29:29
task_0276,875ec64b-b465-4e86-9bff-7b4dbd7661d6,4.2,4.4,2024-10-01T11:31:06
task_0277,65705e50-575f-43e2-94b4-301ec6ac0cd2,3.6,3.2,2025-05-24T05:30:51
task_0278,1432836e-3ded-4737-a750-2c0010c31b92,4.3,5.3,2025-04-08T09:48:18
task_0279,1fa9675c-3f11-444a-98fc-380b46d065c8,4.7,6.1,2025-03-20T10:16:20
task_0280,a6b1e04b-7aeb-449f-aa96-779f1a4a61d9,3.0,2.7,2024-10-22T06:25:54
task_0281,fac7b9bb-9a38-4823-a280-7be33fca7070,1.8,2.1,2025-04-09T11:40:23
task_0282,41afd334-ad10-48b3-8ba9-2c8b81b2c92f,1.3,2.0,2024-11-07T17:22:24
task_0283,2820fa36-8a4c-47ed-9289-1838e14a79da,4.2,4.3,2024-07-12T02:39:42
task_0284,7fcc1b2e-80a1-494d-a2c4-c640baf72ffc,4.8,4.5,2025-04-07T21:27:54
task_0285,e74f5a3e-cf98-4e27-b541-8f997923be4b,1.6,1.2,2024-10-09T12:21:41
task_0286,8b9e9251-e69d-4d61-a3c3-05ba4f19ab5c,2.0,2.1,2025-03-24T07:37:20
task_0287,dc48e99f-c0b7-41eb-a777-629945421473,3.8,4.1,2024-10-22T16:35:54
task_0288,77fd5b0b-2a8b-4543-a3da-489a26638275,1.8,2.7,2024-06-21T13:52:38
task_0289,77fd5b0b-2a8b-4543-a3da-489a26638275,4.4,4.8,2024-11-28T10:28:40
task_0290,2a547cde-4c23-48f9-80ba-70739f08687a,4.5,4.0,2024-12-26T07:19:30
task_0291,09caeb47-010e-470d-84f5-47ac631583e6,1.7,1.3,2024-12-31T15:38:43
task_0292,e0b15063-c124-4361-9829-a7e14b90a373,1.7,2.1,2024-11-25T12:16:47
task_0293,43e57c22-948c-461a-b003-d39ad4b0ed17,1.2,2.2,2024-08-10T15:04:59
task_0294,1b357154-3d14-410f-ab79-ffa0e3233807,1.9,3.0,2024-06-17T08:03:50
task_0295,2ec7ffb9-5e99-4e26-96a9-0a80423442be,3.7,3.6,2025-05-07T07:14:46
task_0296,77c3c637-f344-4653-a3c7-507a8427dbf2,3.8,4.8,2025-04-05T12:33:48
task_0297,1a68003b-ef0c-45fa-bac5-dfcad779e63d,4.6,4.8,2025-01-16T22:07:56
task_0298,669676df-aafa-4608-a4ae-8ff08c46e804,2.8,3.9,2024-11-09T13:44:29
task_0299,e4a1b30d-977d-4900-918b-7976f6efcaaf,4.4,4.6,2024-09-03T02:14:38
task_0300,4a2291be-2410-4b98-9d1f-2ec08e372461,4.8,4.4,2025-04-17T11:27:43
task_0301,6c2bc8d9-927e-4914-b5c8-93eaccc37680,3.1,3.3,2024-12-24T21:23:26
task_0302,99d840d9-46c9-4dfa-89d5-de0920195591,3.6,3.9,2024-08-31T15:59:43
task_0303,6c2bc8d9-927e-4914-b5c8-93eaccc37680,1.3,2.4,2024-06-14T23:53:22
task_0304,fb5a4b74-1af0-4a06-9d53-67ba596158ea,4.6,4.4,2024-11-01T02:29:33
task_0305,317b3881-c33f-4f67-b837-3f77d46aed29,4.5,5.9,2025-03-17T11:59:41
task_0306,f804d19b-f85b-4842-8a8b-3a9f41aeac87,2.3,2.8,2024-06-19T18:44:46
task_0307,89dbe097-ba3d-40c8-bc2b-9a9f8f40a5ac,3.2,4.1,2025-01-05T18:24:22
task_0308,98287e9a-37ee-4bb0-b7e8-55cdd424f1a6,1.8,1.8,2025-01-17T21:19:16
task_0309,2ec8791b-afbd-474f-a05a-5053c6af72c1,2.1,1.9,2025-03-14T05:29:53
task_0310,89dbe097-ba3d-40c8-bc2b-9a9f8f40a5ac,4.8,5.7,2024-11-05T08:42:33
task_0311,a6b1e04b-7aeb-449f-aa96-779f1a4a61d9,2.3,3.3,2024-09-05T22:16:58
task_0312,2ec8791b-afbd-474f-a05a-5053c6af72c1,3.9,3.8,2024-04-28T04:15:12
task_0313,8b9e9251-e69d-4d61-a3c3-05ba4f19ab5c,3.4,4.5,2024-10-29T05:31:52
task_0314,414c100d-b69b-4fa5-969e-a302e25987ce,3.5,3.9,2024-10-06T17:59:26
task_0315,a6b1e04b-7aeb-449f-aa96-779f1a4a61d9,1.7,2.5,2024-08-16T03:10:51
task_0316,2ec8791b-afbd-474f-a05a-5053c6af72c1,1.5,2.5,2025-01-31T14:48:51
task_0317,e4a1b30d-977d-4900-918b-7976f6efcaaf,3.9,4.0,2024-12-30T18:29:23
task_0318,1c1e3c80-1d84-46c7-8a60-688eaec5a929,4.9,5.5,2025-04-05T06:05:04
task_0319,1b357154-3d14-410f-ab79-ffa0e3233807,5.0,6.4,2025-01-30T11:24:55
task_0320,e74f5a3e-cf98-4e27-b541-8f997923be4b,4.5,5.6,2024-08-30T06:24:48
task_0321,0db430d6-b8b8-4ebe-8f52-132b1c17b5e3,4.8,6.1,2024-11-02T16:31:32
task_0322,e0b15063-c124-4361-9829-a7e14b90a373,4.9,5.5,2024-12-28T08:58:48
task_0323,2696d2ee-6d67-4b6e-a881-bcd04655d292,3.0,3.0,2025-04-15T16:47:22
task_0324,1c23ddb8-7ed2-4fcc-b62c-7cfe0e2621aa,1.6,2.7,2025-03-13T01:53:56
task_0325,317b3881-c33f-4f67-b837-3f77d46aed29,4.1,5.4,2024-07-26T08:08:02
task_0326,6c2bc8d9-927e-4914-b5c8-93eaccc37680,4.5,5.6,2025-03-25T15:15:38
task_0327,89fe9d76-931a-43b7-a7c3-ab809cdeff22,1.0,2.0,2024-11-13T21:38:50
task_0328,1432836e-3ded-4737-a750-2c0010c31b92,4.9,5.6,2024-11-21T05:01:08
task_0329,f4bfa4b5-b918-49d4-be6d-f28357628f91,4.8,6.0,2024-05-28T18:50:39
task_0330,41afd334-ad10-48b3-8ba9-2c8b81b2c92f,4.1,4.4,2025-01-10T14:33:49
task_0331,09caeb47-010e-470d-84f5-47ac631583e6,2.0,2.1,2025-04-26T21:09:34
task_0332,c03a4220-49c9-4c7f-898a-0c137a6e2907,4.9,6.1,2024-07-18T08:44:11
task_0333,89fe9d76-931a-43b7-a7c3-ab809cdeff22,3.0,4.3,2024-07-29T01:49:57
task_0334,b732419f-1797-4200-8985-f15f847b0e53,4.5,5.7,2024-11-13T23:00:30
task_0335,8be1cf26-5a9d-4899-b8c1-7c92d32496be,2.3,3.5,2025-03-04T08:12:32
task_0336,2820fa36-8a4c-47ed-9289-1838e14a79da,2.2,3.6,2024-09-30T20:01:38
task_0337,fb6b97c4-ef37-439b-b899-8e7efc16023e,1.7,1.3,2024-08-21T07:05:11
task_0338,3f45e5cd-a101-4a5d-b1b0-8780d2d16606,1.1,1.5,2024-08-22T00:33:05
task_0339,3f363020-b29f-4369-9a9d-39f16aba23da,2.9,3.4,2024-05-11T15:38:16
task_0340,2ec7ffb9-5e99-4e26-96a9-0a80423442be,1.0,1.5,2024-09-01T07:26:02
task_0341,e74f5a3e-cf98-4e27-b541-8f997923be4b,2.2,2.9,2024-09-14T09:42:09
task_0342,4a2291be-2410-4b98-9d1f-2ec08e372461,4.3,4.4,2025-04-06T18:23:59
task_0343,1e94a821-91c2-47b5-97b0-6e29655c0cea,4.1,3.8,2024-08-26T04:41:34
task_0344,5c890ecd-15d8-4f9e-9869-6870568eba39,2.7,3.1,2024-07-24T12:04:46
task_0345,2d4c4fea-3e3e-497b-b3a7-161a22fd2185,1.6,2.6,2025-02-25T22:21:28
task_0346,5cb4fcf7-3450-4ce2-9112-902ef278eddd,2.0,2.3,2025-01-25T10:13:16
task_0347,96034307-900d-47ad-a243-3b693f196b17,3.4,4.1,2024-06-15T17:19:19
task_0348,1a68003b-ef0c-45fa-bac5-dfcad779e63d,2.4,3.3,2024-07-25T16:38:04
task_0349,7258e4d8-aa1d-4591-ac48-9a6a0673e6f8,2.4,3.8,2025-03-01T06:45:02
task_0350,57467426-f5f5-4a8d-a8f1-1685e16f793d,1.8,2.0,2024-05-25T01:55:14
task_0351,ffa927da-9664-47eb-84be-41782eab57b9,2.2,2.3,2024-10-31T07:05:10
task_0352,c03a4220-49c9-4c7f-898a-0c137a6e2907,2.7,2.6,2024-11-15T18:24:36
task_0353,2944ce65-f9c6-49c0-a673-9bd090ed612a,2.5,2.6,2024-08-11T01:47:26
task_0354,fb5a4b74-1af0-4a06-9d53-67ba596158ea,2.5,3.3,2024-06-01T08:51:43
task_0355,7fcc1b2e-80a1-494d-a2c4-c640baf72ffc,2.8,3.8,2024-12-31T08:10:20
task_0356,1c1e3c80-1d84-46c7-8a60-688eaec5a929,2.0,3.0,2024-09-29T19:13:01
task_0357,3f45e5cd-a101-4a5d-b1b0-8780d2d16606,1.8,3.0,2024-10-21T10:13:49
task_0358,1e94a821-91c2-47b5-97b0-6e29655c0cea,1.3,0.9,2025-02-20T10:43:03
task_0359,43e57c22-948c-461a-b003-d39ad4b0ed17,2.3,2.5,2024-06-17T20:20:58
task_0360,87a15546-4ea9-44b2-a17a-3054585a3eae,3.1,3.3,2024-07-19T23:11:18
task_0361,d1673cd7-3b56-40b2-acd4-096ac3e570da,1.1,0.8,2024-06-06T04:24:45
task_0362,5cb4fcf7-3450-4ce2-9112-902ef278eddd,1.6,1.2,2024-08-18T01:57:54
task_0363,23b90238-7392-404b-bcb2-97c0a8429b51,3.2,4.2,2024-11-19T10:00:49
task_0364,1f962965-4fef-4ad8-9b91-e6a871da1529,3.7,4.3,2025-03-01T09:07:24
task_0365,2a547cde-4c23-48f9-80ba-70739f08687a,4.2,3.9,2024-07-22T08:48:33
task_0366,1432836e-3ded-4737-a750-2c0010c31b92,3.7,4.0,2025-01-14T06:15:44
task_0367,7992cd46-e42c-4b21-97a0-30f5f7a8ca33,4.9,4.6,2024-08-06T12:58:48
task_0368,706b6039-7413-4964-bc66-60c60effc291,2.4,3.9,2025-04-07T15:55:12
task_0369,875ec64b-b465-4e86-9bff-7b4dbd7661d6,4.1,4.3,2025-01-29T18:00:46
task_0370,414c100d-b69b-4fa5-969e-a302e25987ce,3.8,4.2,2024-11-03T23:52:26
task_0371,1b357154-3d14-410f-ab79-ffa0e3233807,2.3,3.5,2025-03-31T11:07:23
task_0372,706b6039-7413-4964-bc66-60c60effc291,1.1,0.9,2025-04-11T18:16:59
task_0373,4a8044a8-d156-4aef-bfd0-a94523ceba8b,3.6,3.5,2025-04-18T12:38:26
task_0374,2ec8791b-afbd-474f-a05a-5053c6af72c1,4.5,5.3,2025-05-28T02:29:01
task_0375,196dc879-b3bd-424c-907a-93a60e0f9633,3.9,4.5,2024-11-20T20:01:28
task_0376,09571b8c-17cf-43a8-a1b9-8859724aa8f2,1.2,1.3,2024-10-01T11:58:58
task_0377,196dc879-b3bd-424c-907a-93a60e0f9633,3.5,4.0,2024-10-21T08:22:03
task_0378,bea6b86d-ad55-4747-bb94-f47828f5c62f,2.7,3.7,2024-11-25T19:55:00
task_0379,99d840d9-46c9-4dfa-89d5-de0920195591,4.8,4.5,2024-11-25T04:59:10
task_0380,2944ce65-f9c6-49c0-a673-9bd090ed612a,4.7,5.6,2024-09-25T17:44:52
task_0381,1f962965-4fef-4ad8-9b91-e6a871da1529,4.4,5.0,2024-08-26T21:47:08
task_0382,09571b8c-17cf-43a8-a1b9-8859724aa8f2,4.4,4.0,2024-11-08T20:50:27
task_0383,5c890ecd-15d8-4f9e-9869-6870568eba39,4.2,4.6,2024-09-19T09:08:14
task_0384,1f962965-4fef-4ad8-9b91-e6a871da1529,4.7,5.5,2025-04-02T04:46:24
task_0385,2a547cde-4c23-48f9-80ba-70739f08687a,4.4,5.8,2024-12-31T14:37:40
task_0386,e4a1b30d-977d-4900-918b-7976f6efcaaf,4.7,4.3,2024-08-08T05:45:27
task_0387,875ec64b-b465-4e86-9bff-7b4dbd7661d6,1.5,1.9,2024-08-16T08:51:30
task_0388,e4a1b30d-977d-4900-918b-7976f6efcaaf,3.5,3.2,2025-02-25T11:53:59
task_0389,317b3881-c33f-4f67-b837-3f77d46aed29,1.0,2.2,2025-03-01T06:56:37
task_0390,5cb4fcf7-3450-4ce2-9112-902ef278eddd,3.8,3.6,2024-08-01T16:02:00
task_0391,1b357154-3d14-410f-ab79-ffa0e3233807,4.5,5.7,2024-12-23T09:43:17
task_0392,7f293d2b-8874-46b9-838c-8531732ef0d6,3.6,3.4,2024-11-29T00:37:51
task_0393,3f45e5cd-a101-4a5d-b1b0-8780d2d16606,3.1,4.2,2025-01-28T09:06:01
task_0394,c2ec71ee-72f1-4b27-bd0d-db8cbb215a64,1.2,0.8,2025-04-15T19:30:21
task_0395,208e89df-4ede-4bad-82d3-5987b4112fa3,3.3,3.6,2024-11-06T04:34:28
task_0396,ea75e6e1-7f78-45fa-a1bc-1843011d956f,2.2,3.1,2024-08-29T10:38:44
task_0397,e3c97ffe-e22f-4a7d-96d5-9a4abf1bc66f,4.0,4.8,2024-09-25T08:41:27
task_0398,8be1cf26-5a9d-4899-b8c1-7c92d32496be,4.4,5.8,2025-05-14T21:51:07
task_0399,09571b8c-17cf-43a8-a1b9-8859724aa8f2,2.3,2.6,2024-06-15T09:58:53
task_0400,92e8bcce-27c0-4d44-9a56-38e42ec0a698,3.9,3.9,2025-04-26T00:43:47
task_0401,b732419f-1797-4200-8985-f15f847b0e53,3.5,3.5,2025-01-29T06:31:31
task_0402,c762dde2-c1e5-4a70-8500-340e2cb03147,3.1,2.8,2025-02-23T10:36:44
task_0403,2820fa36-8a4c-47ed-9289-1838e14a79da,1.7,1.6,2024-11-08T03:22:23
task_0404,b732419f-1797-4200-8985-f15f847b0e53,4.0,4.8,2024-10-07T19:59:03
task_0405,fac7b9bb-9a38-4823-a280-7be33fca7070,2.3,3.5,2024-08-02T16:00:17
task_0406,c718e047-9ab0-4e23-95b8-b0be09a21e0c,4.9,4.8,2025-01-30T17:58:06
task_0407,2696d2ee-6d67-4b6e-a881-bcd04655d292,4.3,4.8,2025-02-23T12:36:43
task_0408,2ec7ffb9-5e99-4e26-96a9-0a80423442be,3.4,4.5,2025-06-17T09:44:16
task_0409,ecf07a72-dec6-4134-8ee8-9e289d2f5f7f,4.5,5.4,2024-08-07T06:14:41
task_0410,92e8bcce-27c0-4d44-9a56-38e42ec0a698,4.7,4.4,2025-04-12T03:27:38
task_0411,4a8044a8-d156-4aef-bfd0-a94523ceba8b,2.9,3.7,2024-10-12T08:31:58
task_0412,2820fa36-8a4c-47ed-9289-1838e14a79da,3.1,3.2,2024-07-29T04:26:31
task_0413,09571b8c-17cf-43a8-a1b9-8859724aa8f2,4.8,5.0,2025-04-23T17:49:03
task_0414,310bc2db-843c-42ce-9961-70a493889cc8,2.1,3.1,2024-05-28T16:16:32
task_0415,77fd5b0b-2a8b-4543-a3da-489a26638275,3.4,4.5,2024-07-21T02:04:01
task_0416,7258e4d8-aa1d-4591-ac48-9a6a0673e6f8,3.6,3.3,2024-06-21T22:53:33
task_0417,3226b279-9f6f-4b55-9fe0-edfd9d4f742f,4.3,5.6,2024-06-24T10:53:33
task_0418,bea6b86d-ad55-4747-bb94-f47828f5c62f,1.8,2.0,2025-03-29T06:54:26
task_0419,98287e9a-37ee-4bb0-b7e8-55cdd424f1a6,1.6,1.7,2025-03-16T23:32:42
task_0420,7f293d2b-8874-46b9-838c-8531732ef0d6,1.5,2.1,2024-08-25T12:42:15
task_0421,196dc879-b3bd-424c-907a-93a60e0f9633,3.2,3.6,2025-04-11T13:00:35
task_0422,317b3881-c33f-4f67-b837-3f77d46aed29,3.6,4.2,2025-03-12T13:13:26
task_0423,1c23ddb8-7ed2-4fcc-b62c-7cfe0e2621aa,1.2,1.6,2025-02-06T17:12:53
task_0424,ca6e858a-b6ee-446d-b854-1d0f1146bab0,1.8,2.3,2024-12-07T07:54:33
task_0425,ca559213-b39d-4fc0-aefa-548e24cbad22,1.8,2.5,2024-09-12T06:30:23
task_0426,6c2bc8d9-927e-4914-b5c8-93eaccc37680,4.3,5.4,2025-04-11T03:01:39
task_0427,43e57c22-948c-461a-b003-d39ad4b0ed17,1.3,1.7,2024-10-13T21:42:22
task_0428,aa586e72-5502-4d96-a8ad-6b245199054b,3.3,3.0,2024-06-23T06:00:34
task_0429,c762dde2-c1e5-4a70-8500-340e2cb03147,1.1,1.0,2024-08-08T04:25:46
task_0430,8be1cf26-5a9d-4899-b8c1-7c92d32496be,4.6,6.0,2025-05-01T09:43:48
task_0431,da9e4494-4f3d-4e50-9bd3-0d84e4b4018a,3.3,3.5,2024-05-13T06:19:07
task_0432,f4bfa4b5-b918-49d4-be6d-f28357628f91,2.5,2.8,2024-12-18T14:17:11
task_0433,3e4eab52-5a1a-4a51-9315-206f3ea4ad33,3.9,4.0,2025-03-09T16:56:12
task_0434,1a68003b-ef0c-45fa-bac5-dfcad779e63d,4.6,5.3,2024-08-28T09:55:36
task_0435,8b9e9251-e69d-4d61-a3c3-05ba4f19ab5c,1.6,2.4,2024-09-19T00:54:57
task_0436,98287e9a-37ee-4bb0-b7e8-55cdd424f1a6,3.5,4.4,2025-02-14T03:14:43
task_0437,3f363020-b29f-4369-9a9d-39f16aba23da,3.2,4.7,2024-12-29T05:53:37
task_0438,e3c97ffe-e22f-4a7d-96d5-9a4abf1bc66f,3.9,4.6,2024-11-03T06:33:03
task_0439,271bf8c6-3e9c-46a8-84ae-efad691f496c,1.6,2.7,2024-11-13T08:20:28
task_0440,310bc2db-843c-42ce-9961-70a493889cc8,1.1,1.1,2025-01-10T09:09:31
task_0441,43e57c22-948c-461a-b003-d39ad4b0ed17,4.9,4.6,2024-09-21T19:22:29
task_0442,77fd5b0b-2a8b-4543-a3da-489a26638275,3.4,3.9,2024-08-19T08:58:01
task_0443,99d840d9-46c9-4dfa-89d5-de0920195591,3.7,4.7,2025-04-11T10:27:20
task_0444,77fd5b0b-2a8b-4543-a3da-489a26638275,3.6,4.1,2024-08-14T16:13:23
task_0445,80832db7-07d5-4591-a01d-bb1386c3560f,2.6,3.2,2024-12-26T04:13:16
task_0446,77d2b3fb-b187-42b8-86ed-6d2a92d49b20,1.6,2.2,2025-06-23T12:20:37
task_0447,1c23ddb8-7ed2-4fcc-b62c-7cfe0e2621aa,4.7,4.7,2024-11-12T23:58:03
task_0448,f804d19b-f85b-4842-8a8b-3a9f41aeac87,1.8,1.8,2024-09-24T20:55:11
task_0449,ca559213-b39d-4fc0-aefa-548e24cbad22,4.2,3.7,2024-05-27T23:06:30
task_0450,3226b279-9f6f-4b55-9fe0-edfd9d4f742f,2.5,2.7,2024-12-08T02:43:49
task_0451,1c23ddb8-7ed2-4fcc-b62c-7cfe0e2621aa,1.7,2.8,2024-07-02T13:46:57
task_0452,1432836e-3ded-4737-a750-2c0010c31b92,3.7,4.9,2024-07-03T18:10:20
task_0453,1c1e3c80-1d84-46c7-8a60-688eaec5a929,4.6,4.5,2025-01-18T06:41:13
task_0454,2a547cde-4c23-48f9-80ba-70739f08687a,4.5,5.4,2025-02-21T21:05:46
task_0455,706b6039-7413-4964-bc66-60c60effc291,3.9,4.7,2024-09-24T20:44:41
task_0456,2696d2ee-6d67-4b6e-a881-bcd04655d292,3.4,4.3,2025-02-27T15:31:29
task_0457,89dbe097-ba3d-40c8-bc2b-9a9f8f40a5ac,2.1,2.9,2025-03-15T15:43:58
task_0458,875ec64b-b465-4e86-9bff-7b4dbd7661d6,3.4,4.9,2025-01-30T10:00:50
task_0459,80832db7-07d5-4591-a01d-bb1386c3560f,4.2,5.4,2025-03-06T17:42:31
task_0460,196dc879-b3bd-424c-907a-93a60e0f9633,3.4,4.4,2024-07-20T06:51:12
task_0461,3f363020-b29f-4369-9a9d-39f16aba23da,2.1,1.8,2025-02-06T14:19:24
task_0462,ca559213-b39d-4fc0-aefa-548e24cbad22,4.9,5.4,2024-08-03T23:57:42
task_0463,fb5a4b74-1af0-4a06-9d53-67ba596158ea,1.5,2.5,2024-07-04T10:45:22
task_0464,42558ef6-9ff8-4bdd-9827-5604bd8cfebf,3.1,4.0,2024-05-24T07:00:55
task_0465,77d2b3fb-b187-42b8-86ed-6d2a92d49b20,3.9,4.8,2024-09-01T13:42:37
task_0466,65705e50-575f-43e2-94b4-301ec6ac0cd2,2.6,3.6,2024-12-13T16:00:43
task_0467,80832db7-07d5-4591-a01d-bb1386c3560f,1.7,2.5,2024-09-12T14:37:50
task_0468,c718e047-9ab0-4e23-95b8-b0be09a21e0c,3.4,4.7,2024-12-10T23:07:37
task_0469,2ec7ffb9-5e99-4e26-96a9-0a80423442be,4.8,5.2,2025-02-25T15:49:07
task_0470,ca559213-b39d-4fc0-aefa-548e24cbad22,4.8,6.0,2024-07-07T09:28:12
task_0471,ca6e858a-b6ee-446d-b854-1d0f1146bab0,3.3,3.2,2024-11-01T20:18:42
task_0472,23b90238-7392-404b-bcb2-97c0a8429b51,3.2,3.5,2024-11-26T02:04:36
task_0473,aa586e72-5502-4d96-a8ad-6b245199054b,4.3,4.2,2025-01-19T00:59:34
task_0474,c2ec71ee-72f1-4b27-bd0d-db8cbb215a64,4.2,5.5,2024-06-22T05:22:24
task_0475,ea75e6e1-7f78-45fa-a1bc-1843011d956f,3.6,4.1,2024-08-07T01:55:46
task_0476,669676df-aafa-4608-a4ae-8ff08c46e804,3.1,3.8,2025-03-19T08:52:06
task_0477,8be1cf26-5a9d-4899-b8c1-7c92d32496be,1.2,2.4,2025-04-16T04:24:42
task_0478,89dbe097-ba3d-40c8-bc2b-9a9f8f40a5ac,2.7,2.7,2024-10-18T22:00:06
task_0479,3e4eab52-5a1a-4a51-9315-206f3ea4ad33,2.7,2.7,2024-11-25T23:26:31
task_0480,ecf07a72-dec6-4134-8ee8-9e289d2f5f7f,2.1,2.8,2024-08-26T22:09:50
task_0481,1a68003b-ef0c-45fa-bac5-dfcad779e63d,2.1,2.3,2025-01-25T11:14:59
task_0482,2820fa36-8a4c-47ed-9289-1838e14a79da,2.2,2.7,2025-01-01T04:02:33
task_0483,6c2bc8d9-927e-4914-b5c8-93eaccc37680,3.6,4.3,2024-12-19T14:56:17
task_0484,5c890ecd-15d8-4f9e-9869-6870568eba39,3.0,2.7,2025-01-02T08:17:24
task_0485,7fcc1b2e-80a1-494d-a2c4-c640baf72ffc,3.2,4.5,2025-03-11T10:30:00
task_0486,2696d2ee-6d67-4b6e-a881-bcd04655d292,3.0,2.9,2024-08-18T07:44:11
task_0487,3e4eab52-5a1a-4a51-9315-206f3ea4ad33,1.3,0.9,2024-11-09T08:52:00
task_0488,89dbe097-ba3d-40c8-bc2b-9a9f8f40a5ac,2.9,4.3,2024-06-12T05:45:56
task_0489,2944ce65-f9c6-49c0-a673-9bd090ed612a,2.7,3.7,2024-10-12T22:42:19
task_0490,a6b1e04b-7aeb-449f-aa96-779f1a4a61d9,4.6,5.5,2024-05-01T17:33:00
task_0491,42558ef6-9ff8-4bdd-9827-5604bd8cfebf,2.2,1.8,2025-03-09T13:52:18
task_0492,3e4eab52-5a1a-4a51-9315-206f3ea4ad33,3.0,2.5,2025-04-07T17:59:16
task_0493,706b6039-7413-4964-bc66-60c60effc291,3.6,4.2,2024-12-08T03:25:14
task_0494,f07e647b-8ac0-46b7-96f3-965785e5197e,4.8,5.3,2024-11-12T19:22:57
task_0495,5c890ecd-15d8-4f9e-9869-6870568eba39,4.8,6.2,2024-09-24T07:42:16
task_0496,8b9e9251-e69d-4d61-a3c3-05ba4f19ab5c,4.1,5.5,2025-05-13T11:46:18
task_0497,771210b2-d9a8-4fb6-a828-f2188ad5fe3b,2.1,2.9,2025-02-02T16:58:00
task_0498,80832db7-07d5-4591-a01d-bb1386c3560f,2.6,4.0,2025-02-02T01:55:02
task_0499,3f45e5cd-a101-4a5d-b1b0-8780d2d16606,3.8,5.1,2024-12-19T16:10:42
task_0500,875ec64b-b465-4e86-9bff-7b4dbd7661d6,1.5,1.2,2025-03-14T12:29:41
task_0501,4a8044a8-d156-4aef-bfd0-a94523ceba8b,4.5,5.3,2024-07-16T03:12:15
task_0502,2ec7ffb9-5e99-4e26-96a9-0a80423442be,1.4,1.8,2024-09-13T00:45:29
task_0503,98287e9a-37ee-4bb0-b7e8-55cdd424f1a6,3.7,4.1,2025-03-15T11:15:19
task_0504,e0b15063-c124-4361-9829-a7e14b90a373,3.7,4.7,2024-11-06T19:06:29
task_0505,7f293d2b-8874-46b9-838c-8531732ef0d6,1.6,1.5,2024-10-07T01:47:40
task_0506,57467426-f5f5-4a8d-a8f1-1685e16f793d,1.1,1.1,2025-06-18T13:22:34
task_0507,d6fdcb30-106e-4434-bdbb-8d4069cbf302,4.6,5.2,2024-08-23T05:01:10
task_0508,2944ce65-f9c6-49c0-a673-9bd090ed612a,2.7,3.5,2025-02-14T23:39:29
task_0509,8be1cf26-5a9d-4899-b8c1-7c92d32496be,4.8,4.7,2025-02-09T09:58:23
task_0510,96034307-900d-47ad-a243-3b693f196b17,4.3,5.4,2024-05-15T00:06:56
task_0511,84c941fe-ef09-45cc-9459-c9a189660447,2.8,3.9,2024-10-17T04:17:04
task_0512,ca559213-b39d-4fc0-aefa-548e24cbad22,1.6,1.4,2025-01-28T13:11:09
task_0513,99d840d9-46c9-4dfa-89d5-de0920195591,3.8,5.2,2024-09-26T15:40:54
task_0514,1a68003b-ef0c-45fa-bac5-dfcad779e63d,4.5,4.3,2024-09-23T10:46:22
task_0515,1c23ddb8-7ed2-4fcc-b62c-7cfe0e2621aa,1.1,0.6,2024-08-29T16:03:22
task_0516,2a547cde-4c23-48f9-80ba-70739f08687a,3.0,2.8,2024-11-14T19:12:10
task_0517,196dc879-b3bd-424c-907a-93a60e0f9633,4.6,4.2,2025-04-06T11:03:55
task_0518,2ec8791b-afbd-474f-a05a-5053c6af72c1,2.8,2.4,2024-05-31T07:58:03
task_0519,2ec8791b-afbd-474f-a05a-5053c6af72c1,1.8,1.9,2024-10-11T16:40:12
task_0520,7b805b71-c758-4dd7-8daf-e13886a81031,1.1,2.0,2024-09-02T00:30:59
task_0521,23b90238-7392-404b-bcb2-97c0a8429b51,1.3,1.5,2024-09-21T16:22:48
task_0522,1a68003b-ef0c-45fa-bac5-dfcad779e63d,1.7,2.5,2025-03-09T03:45:38
task_0523,771210b2-d9a8-4fb6-a828-f2188ad5fe3b,2.4,2.7,2025-03-26T00:42:53
task_0524,c75a6f1b-0824-48ad-bafc-73128e3d01de,2.6,3.9,2024-11-15T07:45:54
task_0525,99d840d9-46c9-4dfa-89d5-de0920195591,3.0,2.6,2025-01-13T04:01:16
task_0526,317b3881-c33f-4f67-b837-3f77d46aed29,2.1,3.6,2025-01-26T11:14:20
task_0527,e74f5a3e-cf98-4e27-b541-8f997923be4b,3.5,3.7,2024-10-28T21:45:34
task_0528,09caeb47-010e-470d-84f5-47ac631583e6,3.6,5.0,2024-10-25T16:31:35
task_0529,3f45e5cd-a101-4a5d-b1b0-8780d2d16606,1.7,1.6,2024-10-30T03:31:47
task_0530,ecf07a72-dec6-4134-8ee8-9e289d2f5f7f,4.5,4.9,2024-06-22T16:24:58
task_0531,1e94a821-91c2-47b5-97b0-6e29655c0cea,4.0,5.2,2024-06-13T19:05:40
task_0532,92e8bcce-27c0-4d44-9a56-38e42ec0a698,3.0,3.3,2024-12-21T15:32:27
task_0533,2ec7ffb9-5e99-4e26-96a9-0a80423442be,4.1,4.3,2025-03-13T03:03:24
task_0534,92e8bcce-27c0-4d44-9a56-38e42ec0a698,4.5,5.7,2025-03-10T07:02:42
task_0535,669676df-aafa-4608-a4ae-8ff08c46e804,4.3,5.0,2024-12-25T11:27:12
task_0536,8be1cf26-5a9d-4899-b8c1-7c92d32496be,2.1,2.6,2024-12-31T03:12:06
task_0537,669676df-aafa-4608-a4ae-8ff08c46e804,1.3,2.4,2025-04-11T13:36:57
task_0538,c03a4220-49c9-4c7f-898a-0c137a6e2907,1.1,1.5,2025-01-28T02:41:06
task_0539,2ec8791b-afbd-474f-a05a-5053c6af72c1,3.3,3.1,2024-05-14T12:28:03
task_0540,ffa927da-9664-47eb-84be-41782eab57b9,3.5,4.0,2024-12-26T07:00:09
task_0541,1fa9675c-3f11-444a-98fc-380b46d065c8,4.0,3.7,2024-10-23T01:24:33
task_0542,ffa927da-9664-47eb-84be-41782eab57b9,2.7,3.7,2024-08-30T19:02:43
task_0543,aa586e72-5502-4d96-a8ad-6b245199054b,1.0,2.4,2024-07-06T18:06:06
task_0544,5c890ecd-15d8-4f9e-9869-6870568eba39,3.3,3.3,2025-03-23T21:38:14
task_0545,1fa9675c-3f11-444a-98fc-380b46d065c8,2.5,2.5,2024-08-26T20:58:40
task_0546,3e4eab52-5a1a-4a51-9315-206f3ea4ad33,4.0,4.5,2024-09-22T21:25:02
task_0547,2ec8791b-afbd-474f-a05a-5053c6af72c1,4.1,4.7,2024-08-07T11:06:31
task_0548,89dbe097-ba3d-40c8-bc2b-9a9f8f40a5ac,1.9,2.5,2025-02-13T23:05:21
task_0549,42558ef6-9ff8-4bdd-9827-5604bd8cfebf,4.5,5.4,2024-10-19T18:20:54
task_0550,f804d19b-f85b-4842-8a8b-3a9f41aeac87,3.7,4.8,2024-11-04T16:58:25
task_0551,42558ef6-9ff8-4bdd-9827-5604bd8cfebf,1.6,2.2,2025-01-15T09:02:08
task_0552,bea6b86d-ad55-4747-bb94-f47828f5c62f,3.7,4.2,2024-08-28T10:19:58
task_0553,65705e50-575f-43e2-94b4-301ec6ac0cd2,4.9,4.7,2024-06-29T23:07:47
task_0554,706b6039-7413-4964-bc66-60c60effc291,4.8,4.5,2024-05-13T11:38:48
task_0555,98287e9a-37ee-4bb0-b7e8-55cdd424f1a6,2.4,3.2,2025-04-11T02:57:27
task_0556,2ec8791b-afbd-474f-a05a-5053c6af72c1,1.8,2.9,2025-01-28T00:09:41
task_0557,3f45e5cd-a101-4a5d-b1b0-8780d2d16606,2.7,4.0,2024-10-25T21:30:48
task_0558,271dd21e-0742-4856-b178-bcdeec6b12d7,3.5,4.9,2025-05-02T04:13:43
task_0559,1e94a821-91c2-47b5-97b0-6e29655c0cea,1.7,2.3,2024-07-12T21:44:53
task_0560,c718e047-9ab0-4e23-95b8-b0be09a21e0c,4.0,4.0,2024-12-11T03:25:10
task_0561,0db430d6-b8b8-4ebe-8f52-132b1c17b5e3,1.5,1.1,2025-03-15T16:09:11
task_0562,fac7b9bb-9a38-4823-a280-7be33fca7070,2.7,4.0,2024-11-17T08:50:38
task_0563,e74f5a3e-cf98-4e27-b541-8f997923be4b,4.7,5.7,2024-10-10T13:04:14
task_0564,bea6b86d-ad55-4747-bb94-f47828f5c62f,4.4,4.2,2025-04-20T13:36:37
task_0565,c762dde2-c1e5-4a70-8500-340e2cb03147,1.5,2.8,2025-04-25T08:22:51
task_0566,77c3c637-f344-4653-a3c7-507a8427dbf2,3.5,3.4,2024-09-25T14:00:08
task_0567,77c3c637-f344-4653-a3c7-507a8427dbf2,4.5,5.7,2025-04-18T03:20:22
task_0568,47dec98c-c663-4589-adc2-924290164982,3.6,4.1,2025-04-15T02:22:45
task_0569,669676df-aafa-4608-a4ae-8ff08c46e804,1.1,1.6,2024-10-23T07:17:47
task_0570,ca344e2d-166d-4ade-82cf-61715d33394a,3.9,4.8,2024-06-26T22:34:16
task_0571,b9b204a9-df91-4af5-8c13-c3a5cbf8fbc9,4.6,4.7,2024-08-28T15:38:51
task_0572,b9b204a9-df91-4af5-8c13-c3a5cbf8fbc9,3.1,4.2,2024-12-29T02:48:31
task_0573,c03a4220-49c9-4c7f-898a-0c137a6e2907,2.5,2.3,2025-03-26T17:50:09
task_0574,208e89df-4ede-4bad-82d3-5987b4112fa3,4.0,4.7,2024-12-21T11:44:05
task_0575,d6fdcb30-106e-4434-bdbb-8d4069cbf302,3.1,3.6,2024-06-01T07:01:14
task_0576,8be1cf26-5a9d-4899-b8c1-7c92d32496be,1.5,2.4,2025-04-21T15:51:01
task_0577,c03a4220-49c9-4c7f-898a-0c137a6e2907,1.9,2.0,2025-04-29T13:37:00
task_0578,43e57c22-948c-461a-b003-d39ad4b0ed17,2.3,2.2,2024-07-25T10:47:56
task_0579,271bf8c6-3e9c-46a8-84ae-efad691f496c,4.2,5.5,2024-12-01T07:19:48
task_0580,b9b204a9-df91-4af5-8c13-c3a5cbf8fbc9,3.7,4.4,2024-12-20T16:53:25
task_0581,1e94a821-91c2-47b5-97b0-6e29655c0cea,4.2,4.5,2025-04-29T03:44:44
task_0582,e0b15063-c124-4361-9829-a7e14b90a373,1.5,1.1,2024-10-18T00:04:48
task_0583,43e57c22-948c-461a-b003-d39ad4b0ed17,4.2,4.8,2025-02-21T21:54:40
task_0584,310bc2db-843c-42ce-9961-70a493889cc8,2.9,2.6,2025-01-06T14:02:26
task_0585,fb5a4b74-1af0-4a06-9d53-67ba596158ea,3.5,4.7,2024-10-14T08:52:15
task_0586,42558ef6-9ff8-4bdd-9827-5604bd8cfebf,2.7,3.0,2024-08-11T18:17:36
task_0587,3f45e5cd-a101-4a5d-b1b0-8780d2d16606,3.6,3.8,2025-04-26T05:46:48
task_0588,2ec8791b-afbd-474f-a05a-5053c6af72c1,3.9,3.5,2024-06-02T16:40:11
task_0589,706b6039-7413-4964-bc66-60c60effc291,1.1,2.5,2024-08-04T11:07:33
task_0590,c75a6f1b-0824-48ad-bafc-73128e3d01de,1.2,2.3,2024-06-29T07:07:04
task_0591,2696d2ee-6d67-4b6e-a881-bcd04655d292,2.9,3.0,2024-08-04T01:09:07
task_0592,d1673cd7-3b56-40b2-acd4-096ac3e570da,4.6,4.3,2024-05-03T09:46:39
task_0593,7992cd46-e42c-4b21-97a0-30f5f7a8ca33,2.7,2.6,2024-09-20T06:24:16
task_0594,669676df-aafa-4608-a4ae-8ff08c46e804,3.4,4.3,2024-06-20T08:03:49
task_0595,6c2bc8d9-927e-4914-b5c8-93eaccc37680,2.9,2.8,2024-12-03T03:11:17
task_0596,47dec98c-c663-4589-adc2-924290164982,4.1,4.5,2024-07-17T06:04:51
task_0597,2944ce65-f9c6-49c0-a673-9bd090ed612a,1.6,2.3,2024-09-10T03:18:54
task_0598,43bdeeb9-8d40-4341-8f49-765dc91c1601,2.0,2.0,2024-10-07T03:53:07
task_0599,4a8044a8-d156-4aef-bfd0-a94523ceba8b,3.5,4.7,2025-04-25T16:02:09
task_0600,7fcc1b2e-80a1-494d-a2c4-c640baf72ffc,3.7,5.1,2024-11-11T19:54:10
task_0601,038b01b1-8812-41f2-a9d9-2921d47afbf3,4.6,5.0,2024-10-20T06:51:10
task_0602,43bdeeb9-8d40-4341-8f49-765dc91c1601,1.8,2.1,2024-11-10T11:22:03
task_0603,f4bfa4b5-b918-49d4-be6d-f28357628f91,2.5,3.8,2024-12-16T22:24:26
task_0604,e4a1b30d-977d-4900-918b-7976f6efcaaf,4.4,5.8,2025-04-10T10:49:24
task_0605,771210b2-d9a8-4fb6-a828-f2188ad5fe3b,2.9,3.1,2025-01-31T22:36:40
task_0606,6cf18b34-7b85-4c30-b1f0-899c4c12feac,2.8,3.9,2024-10-26T05:21:46
task_0607,f4bfa4b5-b918-49d4-be6d-f28357628f91,3.0,3.7,2024-12-22T01:56:02
task_0608,196dc879-b3bd-424c-907a-93a60e0f9633,1.5,2.6,2025-05-23T18:24:05
task_0609,77c3c637-f344-4653-a3c7-507a8427dbf2,1.9,3.3,2025-03-28T23:49:13
task_0610,fb6b97c4-ef37-439b-b899-8e7efc16023e,4.2,4.6,2025-04-14T10:59:10
task_0611,c2ec71ee-72f1-4b27-bd0d-db8cbb215a64,4.3,4.2,2024-06-09T22:24:29
task_0612,ecf07a72-dec6-4134-8ee8-9e289d2f5f7f,4.7,6.0,2025-03-12T23:38:17
task_0613,dc48e99f-c0b7-41eb-a777-629945421473,2.7,3.8,2025-04-16T11:40:45
task_0614,89dbe097-ba3d-40c8-bc2b-9a9f8f40a5ac,3.8,4.2,2024-12-12T17:32:48
task_0615,92e8bcce-27c0-4d44-9a56-38e42ec0a698,1.7,1.2,2025-03-23T16:38:35
task_0616,41afd334-ad10-48b3-8ba9-2c8b81b2c92f,2.6,4.0,2024-10-10T08:07:15
task_0617,fb5a4b74-1af0-4a06-9d53-67ba596158ea,4.6,4.6,2025-05-18T10:47:54
task_0618,77d2b3fb-b187-42b8-86ed-6d2a92d49b20,2.5,3.0,2025-03-23T09:29:43
task_0619,e74f5a3e-cf98-4e27-b541-8f997923be4b,1.6,2.6,2025-03-25T07:03:26
task_0620,317b3881-c33f-4f67-b837-3f77d46aed29,4.2,3.8,2024-07-27T17:59:26
task_0621,e74f5a3e-cf98-4e27-b541-8f997923be4b,3.5,4.9,2024-10-29T22:23:37
task_0622,41afd334-ad10-48b3-8ba9-2c8b81b2c92f,4.1,5.4,2024-08-29T06:44:18
task_0623,2ec7ffb9-5e99-4e26-96a9-0a80423442be,3.8,5.2,2025-04-20T05:19:42
task_0624,e74f5a3e-cf98-4e27-b541-8f997923be4b,2.5,2.7,2024-10-11T17:38:20
task_0625,ffa927da-9664-47eb-84be-41782eab57b9,3.5,3.5,2025-05-07T22:08:23
task_0626,e4a1b30d-977d-4900-918b-7976f6efcaaf,1.3,2.6,2024-06-22T13:32:07
task_0627,fb6b97c4-ef37-439b-b899-8e7efc16023e,3.1,2.9,2024-07-18T16:09:11
task_0628,2696d2ee-6d67-4b6e-a881-bcd04655d292,2.8,3.1,2024-09-18T03:48:40
task_0629,5cb4fcf7-3450-4ce2-9112-902ef278eddd,2.2,3.6,2025-03-18T13:46:07
task_0630,0db430d6-b8b8-4ebe-8f52-132b1c17b5e3,2.2,2.6,2024-12-03T14:41:08
task_0631,7fcc1b2e-80a1-494d-a2c4-c640baf72ffc,5.0,4.8,2024-09-02T02:29:42
task_0632,77d2b3fb-b187-42b8-86ed-6d2a92d49b20,3.0,4.4,2024-08-02T23:20:58
task_0633,99d840d9-46c9-4dfa-89d5-de0920195591,4.5,5.2,2025-02-07T18:12:29
task_0634,1c23ddb8-7ed2-4fcc-b62c-7cfe0e2621aa,3.9,5.2,2024-07-27T12:15:02
task_0635,6cf18b34-7b85-4c30-b1f0-899c4c12feac,4.1,4.4,2024-11-23T11:14:43
task_0636,1432836e-3ded-4737-a750-2c0010c31b92,3.1,3.1,2024-07-25T04:34:54
task_0637,77c3c637-f344-4653-a3c7-507a8427dbf2,3.9,5.0,2025-03-18T13:13:24
task_0638,7b805b71-c758-4dd7-8daf-e13886a81031,5.0,5.6,2025-04-22T18:30:16
task_0639,ffa927da-9664-47eb-84be-41782eab57b9,2.2,3.1,2024-12-21T06:22:26
task_0640,ea75e6e1-7f78-45fa-a1bc-1843011d956f,3.7,3.3,2024-07-09T20:15:33
task_0641,3e4eab52-5a1a-4a51-9315-206f3ea4ad33,3.3,4.3,2024-05-20T07:47:21
task_0642,ca6e858a-b6ee-446d-b854-1d0f1146bab0,1.8,3.2,2024-05-02T13:19:07
task_0643,fb6b97c4-ef37-439b-b899-8e7efc16023e,2.4,3.2,2025-02-24T11:58:04
task_0644,fb6b97c4-ef37-439b-b899-8e7efc16023e,2.7,3.2,2025-04-26T02:58:50
task_0645,65705e50-575f-43e2-94b4-301ec6ac0cd2,1.3,0.8,2025-03-16T05:37:43
task_0646,8b9e9251-e69d-4d61-a3c3-05ba4f19ab5c,2.7,4.0,2024-10-21T15:56:46
task_0647,3f45e5cd-a101-4a5d-b1b0-8780d2d16606,4.5,4.6,2024-07-31T16:31:15
task_0648,b9b204a9-df91-4af5-8c13-c3a5cbf8fbc9,3.0,4.5,2024-09-05T03:40:21
task_0649,aa586e72-5502-4d96-a8ad-6b245199054b,1.0,1.1,2024-09-03T22:00:24
task_0650,d1673cd7-3b56-40b2-acd4-096ac3e570da,4.1,4.9,2024-12-27T11:00:13
task_0651,ca6e858a-b6ee-446d-b854-1d0f1146bab0,2.3,1.9,2025-01-15T20:52:07
task_0652,b732419f-1797-4200-8985-f15f847b0e53,2.7,2.8,2024-11-10T03:50:18
task_0653,1a68003b-ef0c-45fa-bac5-dfcad779e63d,2.7,3.7,2024-10-17T06:39:53
task_0654,fb6b97c4-ef37-439b-b899-8e7efc16023e,4.6,4.6,2024-11-22T03:17:00
task_0655,09caeb47-010e-470d-84f5-47ac631583e6,1.3,1.4,2025-02-06T09:27:37
task_0656,7fcc1b2e-80a1-494d-a2c4-c640baf72ffc,2.1,1.6,2024-06-05T17:47:30
task_0657,c718e047-9ab0-4e23-95b8-b0be09a21e0c,4.5,4.8,2025-02-08T12:24:18
task_0658,7fcc1b2e-80a1-494d-a2c4-c640baf72ffc,4.7,4.6,2025-01-08T01:39:19
task_0659,1a68003b-ef0c-45fa-bac5-dfcad779e63d,2.9,3.9,2025-04-27T21:07:04
task_0660,42558ef6-9ff8-4bdd-9827-5604bd8cfebf,1.3,1.1,2024-10-14T06:22:46
task_0661,fb6b97c4-ef37-439b-b899-8e7efc16023e,2.1,2.7,2024-12-17T22:52:14
task_0662,87a15546-4ea9-44b2-a17a-3054585a3eae,3.4,4.5,2024-11-16T12:57:22
task_0663,fb5a4b74-1af0-4a06-9d53-67ba596158ea,1.7,3.1,2024-06-04T20:56:58
task_0664,7258e4d8-aa1d-4591-ac48-9a6a0673e6f8,1.6,2.5,2025-02-25T11:02:12
task_0665,7992cd46-e42c-4b21-97a0-30f5f7a8ca33,4.4,5.3,2024-12-20T05:10:52
task_0666,b732419f-1797-4200-8985-f15f847b0e53,2.3,2.1,2025-03-04T23:33:29
task_0667,87a15546-4ea9-44b2-a17a-3054585a3eae,2.2,2.8,2024-07-20T01:30:35
task_0668,875ec64b-b465-4e86-9bff-7b4dbd7661d6,2.6,2.9,2025-02-01T12:05:37
task_0669,771210b2-d9a8-4fb6-a828-f2188ad5fe3b,2.8,4.0,2024-11-16T09:55:11
task_0670,e74f5a3e-cf98-4e27-b541-8f997923be4b,4.6,5.2,2025-01-24T10:40:13
task_0671,3f363020-b29f-4369-9a9d-39f16aba23da,3.3,3.3,2025-01-12T01:39:32
task_0672,ea75e6e1-7f78-45fa-a1bc-1843011d956f,2.2,2.6,2024-05-08T09:57:25
task_0673,77d2b3fb-b187-42b8-86ed-6d2a92d49b20,1.1,1.2,2024-12-07T09:14:17
task_0674,2820fa36-8a4c-47ed-9289-1838e14a79da,3.6,3.7,2024-06-21T12:57:08
task_0675,77d2b3fb-b187-42b8-86ed-6d2a92d49b20,2.7,3.3,2024-06-04T15:29:01
task_0676,414c100d-b69b-4fa5-969e-a302e25987ce,2.9,3.1,2024-12-04T12:24:49
task_0677,2820fa36-8a4c-47ed-9289-1838e14a79da,2.9,2.8,2024-09-25T00:21:36
task_0678,77c3c637-f344-4653-a3c7-507a8427dbf2,1.8,1.4,2024-06-09T07:45:04
task_0679,c03a4220-49c9-4c7f-898a-0c137a6e2907,3.5,4.3,2025-01-21T22:04:36
task_0680,95accbc9-a78f-4744-820a-557c9f5e0dca,2.9,3.7,2024-07-25T07:47:59
task_0681,ea75e6e1-7f78-45fa-a1bc-1843011d956f,5.0,4.7,2024-08-23T17:16:11
task_0682,271bf8c6-3e9c-46a8-84ae-efad691f496c,2.5,3.3,2024-10-30T21:13:07
task_0683,7992cd46-e42c-4b21-97a0-30f5f7a8ca33,4.5,5.8,2025-01-31T02:54:53
task_0684,7992cd46-e42c-4b21-97a0-30f5f7a8ca33,2.5,3.4,2025-02-18T23:03:35
task_0685,fac7b9bb-9a38-4823-a280-7be33fca7070,3.1,4.2,2025-04-26T11:23:38
task_0686,f4bfa4b5-b918-49d4-be6d-f28357628f91,4.7,5.5,2024-08-13T17:28:00
task_0687,98287e9a-37ee-4bb0-b7e8-55cdd424f1a6,4.6,4.7,2024-07-12T08:33:39
task_0688,d1673cd7-3b56-40b2-acd4-096ac3e570da,3.9,5.1,2024-11-19T00:31:52
task_0689,bea6b86d-ad55-4747-bb94-f47828f5c62f,4.0,4.8,2025-05-08T08:21:13
task_0690,1e94a821-91c2-47b5-97b0-6e29655c0cea,2.0,3.0,2024-08-22T00:30:15
task_0691,65705e50-575f-43e2-94b4-301ec6ac0cd2,3.0,3.5,2024-12-15T10:52:48
task_0692,038b01b1-8812-41f2-a9d9-2921d47afbf3,4.1,5.0,2024-10-15T18:27:22
task_0693,65705e50-575f-43e2-94b4-301ec6ac0cd2,2.7,2.4,2025-02-19T16:35:10
task_0694,65705e50-575f-43e2-94b4-301ec6ac0cd2,2.0,3.1,2024-06-06T23:40:46
task_0695,41afd334-ad10-48b3-8ba9-2c8b81b2c92f,2.5,3.2,2025-02-04T10:59:32
task_0696,2ec7ffb9-5e99-4e26-96a9-0a80423442be,1.4,2.2,2024-12-05T13:59:22
task_0697,ca559213-b39d-4fc0-aefa-548e24cbad22,2.4,3.3,2024-12-24T16:16:48
task_0698,d1673cd7-3b56-40b2-acd4-096ac3e570da,2.4,3.2,2025-01-19T02:48:58
task_0699,2ec8791b-afbd-474f-a05a-5053c6af72c1,1.2,1.2,2025-03-22T20:18:29
task_0700,0db430d6-b8b8-4ebe-8f52-132b1c17b5e3,4.6,5.0,2024-06-27T20:10:48
task_0701,92e8bcce-27c0-4d44-9a56-38e42ec0a698,3.5,4.8,2025-04-05T06:17:06
task_0702,bea6b86d-ad55-4747-bb94-f47828f5c62f,3.9,5.0,2025-05-18T06:40:47
task_0703,7fcc1b2e-80a1-494d-a2c4-c640baf72ffc,1.7,1.6,2024-08-18T12:34:09
task_0704,208e89df-4ede-4bad-82d3-5987b4112fa3,1.2,0.8,2025-02-04T06:04:16
task_0705,92e8bcce-27c0-4d44-9a56-38e42ec0a698,2.2,2.3,2024-06-23T07:16:25
task_0706,77d2b3fb-b187-42b8-86ed-6d2a92d49b20,1.7,2.4,2024-08-02T14:18:49
task_0707,92e8bcce-27c0-4d44-9a56-38e42ec0a698,4.4,5.6,2024-11-04T19:58:21
task_0708,ecf07a72-dec6-4134-8ee8-9e289d2f5f7f,1.5,2.9,2024-06-15T19:07:58
task_0709,09caeb47-010e-470d-84f5-47ac631583e6,1.2,1.7,2025-03-30T18:56:11
task_0710,e4a1b30d-977d-4900-918b-7976f6efcaaf,3.2,3.5,2025-04-15T15:13:43
task_0711,2696d2ee-6d67-4b6e-a881-bcd04655d292,3.1,4.1,2024-11-30T18:49:17
task_0712,aa586e72-5502-4d96-a8ad-6b245199054b,3.0,3.6,2025-03-12T22:00:11
task_0713,8be1cf26-5a9d-4899-b8c1-7c92d32496be,3.0,4.1,2025-04-01T00:29:23
task_0714,2696d2ee-6d67-4b6e-a881-bcd04655d292,3.1,2.6,2025-03-07T23:02:55
task_0715,1a68003b-ef0c-45fa-bac5-dfcad779e63d,2.9,4.3,2024-09-24T01:07:12
task_0716,da9e4494-4f3d-4e50-9bd3-0d84e4b4018a,2.6,3.1,2024-11-03T22:05:16
task_0717,2820fa36-8a4c-47ed-9289-1838e14a79da,1.5,2.5,2024-12-18T03:53:09
task_0718,98287e9a-37ee-4bb0-b7e8-55cdd424f1a6,3.4,3.9,2024-10-01T17:31:24
task_0719,0db430d6-b8b8-4ebe-8f52-132b1c17b5e3,4.8,4.9,2025-03-29T14:51:56
task_0720,3f45e5cd-a101-4a5d-b1b0-8780d2d16606,4.9,4.8,2024-07-13T17:53:09
task_0721,89dbe097-ba3d-40c8-bc2b-9a9f8f40a5ac,3.1,3.5,2025-01-25T03:24:59
task_0722,c718e047-9ab0-4e23-95b8-b0be09a21e0c,3.4,4.8,2024-05-14T17:24:24
task_0723,208e89df-4ede-4bad-82d3-5987b4112fa3,2.4,2.5,2024-06-29T05:05:21
task_0724,77fd5b0b-2a8b-4543-a3da-489a26638275,4.3,4.8,2024-12-27T19:13:11
task_0725,80832db7-07d5-4591-a01d-bb1386c3560f,3.5,3.9,2024-08-24T00:32:24
task_0726,8b9e9251-e69d-4d61-a3c3-05ba4f19ab5c,2.5,2.1,2025-04-11T07:42:07
task_0727,89dbe097-ba3d-40c8-bc2b-9a9f8f40a5ac,3.9,5.1,2025-02-16T09:58:56
task_0728,e0b15063-c124-4361-9829-a7e14b90a373,2.6,3.3,2025-03-31T12:19:53
task_0729,271bf8c6-3e9c-46a8-84ae-efad691f496c,4.7,4.4,2024-09-24T02:34:03
task_0730,b9b204a9-df91-4af5-8c13-c3a5cbf8fbc9,1.5,1.8,2024-07-20T08:17:48
task_0731,3f363020-b29f-4369-9a9d-39f16aba23da,3.7,3.9,2024-05-13T01:52:58
task_0732,e74f5a3e-cf98-4e27-b541-8f997923be4b,2.9,3.4,2024-11-05T20:30:25
task_0733,7f293d2b-8874-46b9-838c-8531732ef0d6,1.5,2.3,2024-07-12T13:57:32
task_0734,1c1e3c80-1d84-46c7-8a60-688eaec5a929,4.2,4.3,2024-09-21T21:13:29
task_0735,84c941fe-ef09-45cc-9459-c9a189660447,4.0,3.7,2024-12-23T18:17:11
task_0736,c75a6f1b-0824-48ad-bafc-73128e3d01de,4.6,5.4,2025-04-05T00:20:58
task_0737,bea6b86d-ad55-4747-bb94-f47828f5c62f,4.2,4.8,2024-12-17T16:30:07
task_0738,c718e047-9ab0-4e23-95b8-b0be09a21e0c,4.2,4.6,2024-11-23T21:56:43
task_0739,3e4eab52-5a1a-4a51-9315-206f3ea4ad33,4.3,5.1,2025-05-22T10:14:48
task_0740,84c941fe-ef09-45cc-9459-c9a189660447,1.6,2.4,2024-11-28T06:44:34
task_0741,fac7b9bb-9a38-4823-a280-7be33fca7070,2.6,3.6,2024-12-26T18:45:50
task_0742,a6b1e04b-7aeb-449f-aa96-779f1a4a61d9,4.6,4.9,2024-10-14T20:50:44
task_0743,3226b279-9f6f-4b55-9fe0-edfd9d4f742f,1.6,1.1,2024-07-11T13:22:06
task_0744,89dbe097-ba3d-40c8-bc2b-9a9f8f40a5ac,1.7,2.0,2024-06-18T02:55:08
task_0745,7f293d2b-8874-46b9-838c-8531732ef0d6,3.9,5.0,2024-10-30T01:41:20
task_0746,65705e50-575f-43e2-94b4-301ec6ac0cd2,3.4,3.8,2024-11-23T11:37:20
task_0747,0db430d6-b8b8-4ebe-8f52-132b1c17b5e3,2.4,3.4,2025-05-15T11:55:48
task_0748,3e4eab52-5a1a-4a51-9315-206f3ea4ad33,2.5,2.3,2025-04-22T18:57:46
task_0749,f804d19b-f85b-4842-8a8b-3a9f41aeac87,2.3,2.8,2024-12-16T09:19:39
task_0750,7258e4d8-aa1d-4591-ac48-9a6a0673e6f8,3.1,4.2,2024-08-07T18:17:59
task_0751,ca344e2d-166d-4ade-82cf-61715d33394a,3.5,3.3,2024-09-04T02:31:38
task_0752,6cf18b34-7b85-4c30-b1f0-899c4c12feac,1.3,1.8,2024-12-04T22:49:38
task_0753,f804d19b-f85b-4842-8a8b-3a9f41aeac87,3.7,5.1,2025-03-21T16:02:37
task_0754,2944ce65-f9c6-49c0-a673-9bd090ed612a,3.1,4.6,2024-06-06T22:09:32
task_0755,8b9e9251-e69d-4d61-a3c3-05ba4f19ab5c,2.1,1.8,2025-05-26T11:52:01
task_0756,7b805b71-c758-4dd7-8daf-e13886a81031,4.3,4.0,2024-08-30T18:49:17
task_0757,47dec98c-c663-4589-adc2-924290164982,2.4,3.9,2024-10-03T21:31:41
task_0758,4a2291be-2410-4b98-9d1f-2ec08e372461,2.6,3.3,2024-12-27T14:36:49
task_0759,2820fa36-8a4c-47ed-9289-1838e14a79da,4.5,4.6,2025-03-12T00:17:44
task_0760,99d840d9-46c9-4dfa-89d5-de0920195591,4.2,4.9,2024-12-04T20:22:03
task_0761,84c941fe-ef09-45cc-9459-c9a189660447,3.0,2.7,2024-06-04T03:40:32
task_0762,038b01b1-8812-41f2-a9d9-2921d47afbf3,4.5,4.6,2024-12-07T03:53:38
task_0763,98287e9a-37ee-4bb0-b7e8-55cdd424f1a6,3.2,4.0,2024-10-29T08:23:14
task_0764,aa586e72-5502-4d96-a8ad-6b245199054b,1.1,2.4,2024-08-29T08:07:38
task_0765,dc48e99f-c0b7-41eb-a777-629945421473,3.6,3.7,2024-07-24T00:05:35
task_0766,89fe9d76-931a-43b7-a7c3-ab809cdeff22,3.5,4.7,2025-05-02T12:06:22
task_0767,fe33116c-57bf-4388-89c8-c359b7f3df45,3.2,3.7,2025-03-21T00:56:40
task_0768,9180c12d-b1a4-4ac8-a443-eb7eb201b706,1.7,3.0,2024-09-17T00:07:21
task_0769,2820fa36-8a4c-47ed-9289-1838e14a79da,5.0,5.2,2024-11-18T05:38:45
task_0770,2ec8791b-afbd-474f-a05a-5053c6af72c1,3.1,3.6,2024-11-02T17:28:30
task_0771,2820fa36-8a4c-47ed-9289-1838e14a79da,1.4,2.1,2024-06-11T14:29:40
task_0772,e74f5a3e-cf98-4e27-b541-8f997923be4b,1.9,2.8,2024-05-25T11:09:12
task_0773,771210b2-d9a8-4fb6-a828-f2188ad5fe3b,4.7,5.8,2025-04-21T00:44:51
task_0774,84c941fe-ef09-45cc-9459-c9a189660447,1.3,1.7,2024-12-04T14:12:25
task_0775,e4a1b30d-977d-4900-918b-7976f6efcaaf,3.0,3.2,2024-08-05T12:19:14
task_0776,57467426-f5f5-4a8d-a8f1-1685e16f793d,2.6,3.7,2024-08-18T03:27:44
task_0777,2ec7ffb9-5e99-4e26-96a9-0a80423442be,4.6,4.7,2024-11-29T03:47:00
task_0778,208e89df-4ede-4bad-82d3-5987b4112fa3,3.8,4.4,2025-02-11T04:29:37
task_0779,42558ef6-9ff8-4bdd-9827-5604bd8cfebf,4.5,4.3,2025-04-29T16:35:20
task_0780,1432836e-3ded-4737-a750-2c0010c31b92,1.3,2.4,2025-03-26T07:49:03
task_0781,4a8044a8-d156-4aef-bfd0-a94523ceba8b,1.9,3.2,2024-09-07T15:51:20
task_0782,b732419f-1797-4200-8985-f15f847b0e53,3.5,4.2,2024-07-17T04:46:36
task_0783,43e57c22-948c-461a-b003-d39ad4b0ed17,2.0,3.3,2024-06-19T07:16:44
task_0784,41afd334-ad10-48b3-8ba9-2c8b81b2c92f,2.3,2.1,2025-02-17T15:25:49
task_0785,bea6b86d-ad55-4747-bb94-f47828f5c62f,2.4,2.3,2024-09-07T13:32:19
task_0786,98287e9a-37ee-4bb0-b7e8-55cdd424f1a6,2.0,3.2,2024-12-04T12:41:25
task_0787,7b805b71-c758-4dd7-8daf-e13886a81031,1.0,2.5,2025-05-07T20:12:51
task_0788,dc48e99f-c0b7-41eb-a777-629945421473,3.2,3.9,2024-12-02T14:03:38
task_0789,5c890ecd-15d8-4f9e-9869-6870568eba39,4.1,5.3,2024-12-03T03:06:59
task_0790,d6fdcb30-106e-4434-bdbb-8d4069cbf302,1.2,2.1,2025-03-22T01:54:33
task_0791,7fcc1b2e-80a1-494d-a2c4-c640baf72ffc,1.2,2.5,2024-12-18T09:05:27
task_0792,aa586e72-5502-4d96-a8ad-6b245199054b,1.3,1.8,2024-09-21T16:35:20
task_0793,c762dde2-c1e5-4a70-8500-340e2cb03147,4.5,5.2,2025-02-20T10:35:49
task_0794,42558ef6-9ff8-4bdd-9827-5604bd8cfebf,1.4,1.8,2024-09-26T04:48:40
task_0795,77fd5b0b-2a8b-4543-a3da-489a26638275,2.7,3.2,2024-08-17T10:03:47
task_0796,4a8044a8-d156-4aef-bfd0-a94523ceba8b,4.6,5.1,2024-09-10T08:36:41
task_0797,57467426-f5f5-4a8d-a8f1-1685e16f793d,2.1,2.0,2025-02-26T19:47:59
task_0798,e0b15063-c124-4361-9829-a7e14b90a373,2.8,2.9,2024-12-06T12:50:22
task_0799,271bf8c6-3e9c-46a8-84ae-efad691f496c,4.5,4.9,2025-01-05T17:22:11
task_0800,fb5a4b74-1af0-4a06-9d53-67ba596158ea,1.0,2.3,2024-12-15T09:49:10
task_0801,ffa927da-9664-47eb-84be-41782eab57b9,1.8,2.7,2024-06-04T06:15:21
task_0802,5cb4fcf7-3450-4ce2-9112-902ef278eddd,1.7,1.7,2024-09-14T10:04:33
task_0803,b732419f-1797-4200-8985-f15f847b0e53,2.8,2.4,2025-01-24T09:06:12
task_0804,77c3c637-f344-4653-a3c7-507a8427dbf2,2.4,2.6,2025-01-26T05:44:02
task_0805,ea75e6e1-7f78-45fa-a1bc-1843011d956f,3.0,3.9,2024-10-06T03:28:22
task_0806,3f363020-b29f-4369-9a9d-39f16aba23da,2.5,2.5,2024-09-26T10:29:46
task_0807,ea75e6e1-7f78-45fa-a1bc-1843011d956f,2.4,2.7,2025-03-15T20:27:44
task_0808,e3c97ffe-e22f-4a7d-96d5-9a4abf1bc66f,3.1,3.7,2024-09-23T18:17:58
task_0809,bea6b86d-ad55-4747-bb94-f47828f5c62f,2.0,2.5,2025-01-08T13:26:42
task_0810,f07e647b-8ac0-46b7-96f3-965785e5197e,4.0,4.2,2024-07-17T06:55:43
task_0811,09571b8c-17cf-43a8-a1b9-8859724aa8f2,3.3,4.2,2025-02-11T11:21:41
task_0812,f804d19b-f85b-4842-8a8b-3a9f41aeac87,1.8,2.5,2024-10-27T20:31:54
task_0813,5cb4fcf7-3450-4ce2-9112-902ef278eddd,4.5,4.2,2025-03-20T21:10:50
task_0814,23b90238-7392-404b-bcb2-97c0a8429b51,2.1,1.7,2024-08-17T19:18:27
task_0815,c2ec71ee-72f1-4b27-bd0d-db8cbb215a64,3.5,3.8,2024-12-21T21:20:54
task_0816,c718e047-9ab0-4e23-95b8-b0be09a21e0c,1.4,2.7,2025-02-16T20:52:17
task_0817,1fa9675c-3f11-444a-98fc-380b46d065c8,3.7,4.3,2024-07-25T11:19:13
task_0818,271bf8c6-3e9c-46a8-84ae-efad691f496c,1.4,1.6,2024-11-19T22:01:33
task_0819,2944ce65-f9c6-49c0-a673-9bd090ed612a,2.9,3.6,2024-08-01T05:36:43
task_0820,84c941fe-ef09-45cc-9459-c9a189660447,3.0,3.9,2025-04-05T02:09:53
task_0821,c762dde2-c1e5-4a70-8500-340e2cb03147,2.3,3.2,2025-04-28T07:09:36
task_0822,b732419f-1797-4200-8985-f15f847b0e53,4.7,4.6,2024-08-29T11:34:28
task_0823,7992cd46-e42c-4b21-97a0-30f5f7a8ca33,2.5,4.0,2025-02-10T18:27:35
task_0824,310bc2db-843c-42ce-9961-70a493889cc8,3.9,5.0,2025-03-27T15:30:00
task_0825,d6fdcb30-106e-4434-bdbb-8d4069cbf302,2.8,3.7,2024-06-03T10:32:26
task_0826,f07e647b-8ac0-46b7-96f3-965785e5197e,4.2,5.2,2025-02-02T08:20:25
task_0827,1a68003b-ef0c-45fa-bac5-dfcad779e63d,1.8,2.8,2025-03-08T07:49:43
task_0828,038b01b1-8812-41f2-a9d9-2921d47afbf3,2.9,2.7,2024-12-20T18:38:18
task_0829,84c941fe-ef09-45cc-9459-c9a189660447,1.4,2.2,2025-04-19T04:38:54
task_0830,c03a4220-49c9-4c7f-898a-0c137a6e2907,4.7,5.0,2025-01-21T06:22:20
task_0831,6cf18b34-7b85-4c30-b1f0-899c4c12feac,1.1,1.6,2025-03-16T07:24:55
task_0832,2696d2ee-6d67-4b6e-a881-bcd04655d292,3.4,3.7,2025-04-06T06:21:45
task_0833,92e8bcce-27c0-4d44-9a56-38e42ec0a698,4.9,6.2,2025-02-16T01:40:11
task_0834,bea6b86d-ad55-4747-bb94-f47828f5c62f,1.9,1.8,2024-10-14T13:21:21
task_0835,2d4c4fea-3e3e-497b-b3a7-161a22fd2185,3.1,4.0,2024-06-15T21:31:46
task_0836,47dec98c-c663-4589-adc2-924290164982,1.0,1.1,2024-07-19T20:17:26
task_0837,1b357154-3d14-410f-ab79-ffa0e3233807,2.7,3.1,2025-02-25T11:22:06
task_0838,2696d2ee-6d67-4b6e-a881-bcd04655d292,1.3,2.4,2025-03-02T20:04:05
task_0839,196dc879-b3bd-424c-907a-93a60e0f9633,4.2,5.1,2024-11-19T09:18:49
task_0840,196dc879-b3bd-424c-907a-93a60e0f9633,4.0,5.4,2025-01-29T08:56:57
task_0841,706b6039-7413-4964-bc66-60c60effc291,1.2,1.5,2024-08-21T11:00:57
task_0842,2ec7ffb9-5e99-4e26-96a9-0a80423442be,1.4,2.0,2024-09-11T18:33:53
task_0843,9180c12d-b1a4-4ac8-a443-eb7eb201b706,1.9,3.3,2024-11-16T07:28:55
task_0844,ffa927da-9664-47eb-84be-41782eab57b9,3.7,4.6,2025-05-19T17:52:54
task_0845,89dbe097-ba3d-40c8-bc2b-9a9f8f40a5ac,2.2,3.3,2024-09-01T08:33:05
task_0846,1e94a821-91c2-47b5-97b0-6e29655c0cea,2.3,2.8,2025-02-02T09:20:40
task_0847,f07e647b-8ac0-46b7-96f3-965785e5197e,4.2,3.8,2025-03-13T22:08:20
task_0848,7b805b71-c758-4dd7-8daf-e13886a81031,4.4,5.0,2024-11-13T07:57:50
task_0849,3226b279-9f6f-4b55-9fe0-edfd9d4f742f,4.2,3.8,2024-07-14T06:31:02
task_0850,42558ef6-9ff8-4bdd-9827-5604bd8cfebf,2.8,3.4,2025-01-29T21:46:56
task_0851,95accbc9-a78f-4744-820a-557c9f5e0dca,4.6,5.5,2024-05-16T04:10:17
task_0852,99d840d9-46c9-4dfa-89d5-de0920195591,4.1,5.1,2024-09-08T23:38:57
task_0853,ffa927da-9664-47eb-84be-41782eab57b9,4.2,4.8,2024-08-03T23:57:07
task_0854,f07e647b-8ac0-46b7-96f3-965785e5197e,3.2,3.4,2024-11-10T10:01:04
task_0855,77c3c637-f344-4653-a3c7-507a8427dbf2,1.5,2.0,2024-05-17T08:31:06
task_0856,fb6b97c4-ef37-439b-b899-8e7efc16023e,1.6,3.0,2025-03-01T22:27:08
task_0857,ecf07a72-dec6-4134-8ee8-9e289d2f5f7f,1.6,2.4,2024-12-17T18:08:35
task_0858,771210b2-d9a8-4fb6-a828-f2188ad5fe3b,4.4,4.3,2024-06-08T12:00:15
task_0859,98287e9a-37ee-4bb0-b7e8-55cdd424f1a6,3.8,5.0,2024-07-19T18:05:58
task_0860,ea75e6e1-7f78-45fa-a1bc-1843011d956f,4.2,4.5,2024-12-21T17:18:23
task_0861,c762dde2-c1e5-4a70-8500-340e2cb03147,4.0,5.0,2024-07-06T20:44:42
task_0862,3226b279-9f6f-4b55-9fe0-edfd9d4f742f,1.0,1.0,2025-03-03T20:01:28
task_0863,ca559213-b39d-4fc0-aefa-548e24cbad22,2.7,3.5,2025-06-15T07:58:09
task_0864,a6b1e04b-7aeb-449f-aa96-779f1a4a61d9,1.7,2.8,2024-10-27T10:33:36
task_0865,414c100d-b69b-4fa5-969e-a302e25987ce,4.5,5.3,2024-09-25T12:22:19
task_0866,b732419f-1797-4200-8985-f15f847b0e53,3.7,4.2,2024-11-20T18:47:46
task_0867,96034307-900d-47ad-a243-3b693f196b17,1.8,2.2,2024-12-03T10:54:07
task_0868,669676df-aafa-4608-a4ae-8ff08c46e804,1.7,2.7,2024-06-19T18:41:45
task_0869,271bf8c6-3e9c-46a8-84ae-efad691f496c,4.2,4.4,2024-12-28T11:44:02
task_0870,2820fa36-8a4c-47ed-9289-1838e14a79da,4.4,4.0,2024-09-14T15:15:16
task_0871,57467426-f5f5-4a8d-a8f1-1685e16f793d,4.1,3.9,2025-03-12T13:18:37
task_0872,77fd5b0b-2a8b-4543-a3da-489a26638275,4.9,4.6,2024-07-26T19:21:44
task_0873,f07e647b-8ac0-46b7-96f3-965785e5197e,4.4,4.0,2024-07-06T13:33:59
task_0874,1b357154-3d14-410f-ab79-ffa0e3233807,3.5,3.8,2024-10-17T09:05:42
task_0875,6c2bc8d9-927e-4914-b5c8-93eaccc37680,2.5,2.8,2025-02-11T22:37:20
task_0876,208e89df-4ede-4bad-82d3-5987b4112fa3,2.4,2.5,2024-06-20T03:50:22
task_0877,b9b204a9-df91-4af5-8c13-c3a5cbf8fbc9,4.7,5.5,2025-04-16T00:38:26
task_0878,77d2b3fb-b187-42b8-86ed-6d2a92d49b20,1.9,2.6,2024-07-18T07:30:43
task_0879,310bc2db-843c-42ce-9961-70a493889cc8,3.8,4.7,2025-03-20T03:56:27
task_0880,ecf07a72-dec6-4134-8ee8-9e289d2f5f7f,3.2,4.6,2025-06-18T21:25:52
task_0881,7992cd46-e42c-4b21-97a0-30f5f7a8ca33,1.6,2.4,2025-03-03T09:50:09
task_0882,f07e647b-8ac0-46b7-96f3-965785e5197e,1.1,2.6,2024-08-15T04:04:39
task_0883,fb6b97c4-ef37-439b-b899-8e7efc16023e,2.7,2.2,2025-01-04T23:39:57
task_0884,e74f5a3e-cf98-4e27-b541-8f997923be4b,4.4,5.7,2025-01-08T20:12:54
task_0885,84c941fe-ef09-45cc-9459-c9a189660447,1.7,2.8,2024-08-19T05:58:20
task_0886,3f45e5cd-a101-4a5d-b1b0-8780d2d16606,2.1,2.6,2024-06-01T15:33:16
task_0887,09caeb47-010e-470d-84f5-47ac631583e6,2.3,3.7,2025-02-18T15:42:42
task_0888,208e89df-4ede-4bad-82d3-5987b4112fa3,1.4,1.0,2025-02-21T12:21:45
task_0889,f4bfa4b5-b918-49d4-be6d-f28357628f91,2.7,2.3,2025-02-12T03:15:33
task_0890,43bdeeb9-8d40-4341-8f49-765dc91c1601,4.4,5.3,2024-11-13T05:59:56
task_0891,ea75e6e1-7f78-45fa-a1bc-1843011d956f,2.6,3.1,2024-08-09T23:46:55
task_0892,fb6b97c4-ef37-439b-b899-8e7efc16023e,1.1,1.4,2025-04-06T19:53:04
task_0893,65705e50-575f-43e2-94b4-301ec6ac0cd2,3.0,4.0,2024-09-09T22:41:29
task_0894,41afd334-ad10-48b3-8ba9-2c8b81b2c92f,4.5,4.7,2024-10-20T12:08:18
task_0895,208e89df-4ede-4bad-82d3-5987b4112fa3,4.2,4.6,2024-10-10T01:46:09
task_0896,9180c12d-b1a4-4ac8-a443-eb7eb201b706,1.3,2.7,2024-09-24T04:59:21
task_0897,2a547cde-4c23-48f9-80ba-70739f08687a,4.1,4.1,2025-01-11T14:18:09
task_0898,5c890ecd-15d8-4f9e-9869-6870568eba39,1.7,1.5,2024-12-14T11:07:51
task_0899,c03a4220-49c9-4c7f-898a-0c137a6e2907,1.1,2.1,2024-07-18T14:38:57
task_0900,1432836e-3ded-4737-a750-2c0010c31b92,3.3,4.5,2024-10-18T04:21:04
task_0901,271dd21e-0742-4856-b178-bcdeec6b12d7,3.3,3.8,2024-09-14T02:40:15
task_0902,1432836e-3ded-4737-a750-2c0010c31b92,3.5,3.6,2024-11-04T00:28:36
task_0903,f804d19b-f85b-4842-8a8b-3a9f41aeac87,1.8,1.8,2024-07-16T19:22:10
task_0904,8be1cf26-5a9d-4899-b8c1-7c92d32496be,4.6,6.0,2024-10-06T16:36:07
task_0905,8b9e9251-e69d-4d61-a3c3-05ba4f19ab5c,4.3,5.4,2025-02-11T02:44:32
task_0906,fb6b97c4-ef37-439b-b899-8e7efc16023e,1.5,1.8,2024-07-15T23:25:43
task_0907,5c890ecd-15d8-4f9e-9869-6870568eba39,4.0,5.2,2025-02-10T02:43:22
task_0908,1f962965-4fef-4ad8-9b91-e6a871da1529,3.3,4.5,2024-11-09T21:08:36
task_0909,1b357154-3d14-410f-ab79-ffa0e3233807,4.5,5.7,2025-01-20T06:09:14
task_0910,8be1cf26-5a9d-4899-b8c1-7c92d32496be,1.9,2.7,2024-09-24T07:02:06
task_0911,1a68003b-ef0c-45fa-bac5-dfcad779e63d,3.6,4.7,2025-02-20T20:59:04
task_0912,875ec64b-b465-4e86-9bff-7b4dbd7661d6,4.6,5.9,2024-11-26T18:38:02
task_0913,3226b279-9f6f-4b55-9fe0-edfd9d4f742f,4.8,5.7,2024-09-21T13:17:06
task_0914,2ec8791b-afbd-474f-a05a-5053c6af72c1,2.3,3.1,2024-09-17T22:55:12
task_0915,d1673cd7-3b56-40b2-acd4-096ac3e570da,3.8,4.4,2024-12-13T03:21:43
task_0916,77c3c637-f344-4653-a3c7-507a8427dbf2,3.5,5.0,2025-04-14T12:39:09
task_0917,771210b2-d9a8-4fb6-a828-f2188ad5fe3b,3.8,4.0,2024-06-22T13:33:05
task_0918,bea6b86d-ad55-4747-bb94-f47828f5c62f,4.1,4.3,2025-02-03T23:23:10
task_0919,d1673cd7-3b56-40b2-acd4-096ac3e570da,1.8,3.1,2024-11-05T23:00:59
task_0920,3f45e5cd-a101-4a5d-b1b0-8780d2d16606,2.1,3.1,2024-12-28T17:54:36
task_0921,fac7b9bb-9a38-4823-a280-7be33fca7070,4.4,4.8,2024-12-26T12:03:06
task_0922,ca6e858a-b6ee-446d-b854-1d0f1146bab0,3.6,4.8,2025-03-28T13:44:04
task_0923,96034307-900d-47ad-a243-3b693f196b17,2.4,2.2,2025-03-20T03:17:21
task_0924,e4a1b30d-977d-4900-918b-7976f6efcaaf,4.8,4.6,2024-08-13T07:08:58
task_0925,ca559213-b39d-4fc0-aefa-548e24cbad22,3.3,3.3,2025-02-09T14:05:40
task_0926,208e89df-4ede-4bad-82d3-5987b4112fa3,2.6,2.7,2025-04-14T02:25:27
task_0927,98287e9a-37ee-4bb0-b7e8-55cdd424f1a6,5.0,6.1,2024-08-03T02:53:37
task_0928,b9b204a9-df91-4af5-8c13-c3a5cbf8fbc9,3.4,4.9,2025-06-24T07:33:42
task_0929,2ec7ffb9-5e99-4e26-96a9-0a80423442be,3.3,3.2,2024-06-01T02:04:04
task_0930,fb5a4b74-1af0-4a06-9d53-67ba596158ea,3.0,2.7,2024-05-28T01:05:06
task_0931,9180c12d-b1a4-4ac8-a443-eb7eb201b706,4.5,5.6,2024-06-14T21:49:44
task_0932,3e4eab52-5a1a-4a51-9315-206f3ea4ad33,1.3,1.6,2025-05-12T19:27:27
task_0933,7fcc1b2e-80a1-494d-a2c4-c640baf72ffc,3.8,5.1,2024-09-23T00:50:43
task_0934,7f293d2b-8874-46b9-838c-8531732ef0d6,4.9,5.5,2024-06-11T23:47:57
task_0935,5c890ecd-15d8-4f9e-9869-6870568eba39,2.7,3.1,2024-07-14T10:05:05
task_0936,2ec7ffb9-5e99-4e26-96a9-0a80423442be,4.2,5.5,2025-04-17T20:09:22
task_0937,3f45e5cd-a101-4a5d-b1b0-8780d2d16606,4.5,4.3,2025-03-31T09:38:55
task_0938,1b357154-3d14-410f-ab79-ffa0e3233807,4.2,5.0,2024-10-15T01:02:50
task_0939,f804d19b-f85b-4842-8a8b-3a9f41aeac87,1.5,1.4,2024-10-29T08:28:07
task_0940,7b805b71-c758-4dd7-8daf-e13886a81031,4.2,4.8,2024-08-31T08:14:07
task_0941,875ec64b-b465-4e86-9bff-7b4dbd7661d6,4.3,4.9,2024-05-10T13:14:25
task_0942,2944ce65-f9c6-49c0-a673-9bd090ed612a,2.5,2.4,2025-03-15T13:09:31
task_0943,5cb4fcf7-3450-4ce2-9112-902ef278eddd,1.3,1.8,2025-02-21T21:20:28
task_0944,fac7b9bb-9a38-4823-a280-7be33fca7070,3.9,4.8,2024-10-02T13:46:51
task_0945,c75a6f1b-0824-48ad-bafc-73128e3d01de,2.4,3.3,2024-06-30T10:11:50
task_0946,43bdeeb9-8d40-4341-8f49-765dc91c1601,1.5,1.3,2025-04-28T14:25:31
task_0947,3f45e5cd-a101-4a5d-b1b0-8780d2d16606,2.1,2.6,2024-07-03T23:48:05
task_0948,98287e9a-37ee-4bb0-b7e8-55cdd424f1a6,4.6,4.3,2024-08-07T10:52:32
task_0949,2ec8791b-afbd-474f-a05a-5053c6af72c1,1.9,1.4,2024-12-11T08:04:44
task_0950,8b9e9251-e69d-4d61-a3c3-05ba4f19ab5c,2.7,3.2,2024-08-20T14:16:18
task_0951,fb5a4b74-1af0-4a06-9d53-67ba596158ea,3.0,4.1,2024-11-11T20:21:40
task_0952,87a15546-4ea9-44b2-a17a-3054585a3eae,2.6,3.4,2025-04-30T13:10:41
task_0953,5cb4fcf7-3450-4ce2-9112-902ef278eddd,2.9,4.1,2024-08-22T12:35:07
task_0954,7b805b71-c758-4dd7-8daf-e13886a81031,3.5,3.8,2025-01-05T21:29:06
task_0955,1a68003b-ef0c-45fa-bac5-dfcad779e63d,1.4,1.5,2024-08-31T10:35:46
task_0956,ca559213-b39d-4fc0-aefa-548e24cbad22,4.5,4.7,2024-08-26T07:30:33
task_0957,aa586e72-5502-4d96-a8ad-6b245199054b,3.0,2.6,2025-04-09T01:33:37
task_0958,d1673cd7-3b56-40b2-acd4-096ac3e570da,1.3,2.3,2025-04-24T02:40:55
task_0959,77d2b3fb-b187-42b8-86ed-6d2a92d49b20,3.8,4.0,2024-12-16T22:11:54
task_0960,1c1e3c80-1d84-46c7-8a60-688eaec5a929,1.9,2.2,2025-04-03T19:18:57
task_0961,87a15546-4ea9-44b2-a17a-3054585a3eae,1.9,2.8,2024-07-08T08:45:56
task_0962,5c890ecd-15d8-4f9e-9869-6870568eba39,4.3,4.8,2024-10-31T05:19:13
task_0963,f4bfa4b5-b918-49d4-be6d-f28357628f91,3.8,4.1,2024-12-08T04:53:02
task_0964,09caeb47-010e-470d-84f5-47ac631583e6,1.7,2.1,2024-08-26T21:10:26
task_0965,43bdeeb9-8d40-4341-8f49-765dc91c1601,1.1,2.1,2024-10-19T15:37:56
task_0966,f804d19b-f85b-4842-8a8b-3a9f41aeac87,4.2,4.6,2024-06-11T05:38:40
task_0967,09571b8c-17cf-43a8-a1b9-8859724aa8f2,1.3,2.8,2024-06-18T05:42:27
task_0968,9180c12d-b1a4-4ac8-a443-eb7eb201b706,1.7,1.7,2025-01-18T10:00:46
task_0969,9180c12d-b1a4-4ac8-a443-eb7eb201b706,1.7,2.9,2024-06-01T05:48:27
task_0970,2ec7ffb9-5e99-4e26-96a9-0a80423442be,4.9,5.5,2024-08-15T16:41:51
task_0971,414c100d-b69b-4fa5-969e-a302e25987ce,1.0,1.7,2025-02-18T05:38:01
task_0972,ffa927da-9664-47eb-84be-41782eab57b9,4.2,4.6,2024-12-20T18:26:46
task_0973,77fd5b0b-2a8b-4543-a3da-489a26638275,4.3,5.8,2025-04-23T16:51:10
task_0974,ea75e6e1-7f78-45fa-a1bc-1843011d956f,4.1,4.2,2024-10-17T19:21:19
task_0975,77d2b3fb-b187-42b8-86ed-6d2a92d49b20,4.3,4.5,2024-07-18T14:25:24
task_0976,6cf18b34-7b85-4c30-b1f0-899c4c12feac,2.3,2.0,2025-01-15T19:34:45
task_0977,e0b15063-c124-4361-9829-a7e14b90a373,4.0,5.1,2025-01-07T12:31:01
task_0978,e74f5a3e-cf98-4e27-b541-8f997923be4b,3.4,4.6,2025-02-27T00:13:30
task_0979,7f293d2b-8874-46b9-838c-8531732ef0d6,4.7,5.9,2024-11-12T12:12:21
task_0980,87a15546-4ea9-44b2-a17a-3054585a3eae,3.1,3.6,2025-02-22T07:36:31
task_0981,1b357154-3d14-410f-ab79-ffa0e3233807,1.0,1.7,2025-03-11T20:49:17
task_0982,f804d19b-f85b-4842-8a8b-3a9f41aeac87,4.0,5.5,2024-11-06T20:12:35
task_0983,8b9e9251-e69d-4d61-a3c3-05ba4f19ab5c,2.0,3.1,2025-02-13T16:29:11
task_0984,4a8044a8-d156-4aef-bfd0-a94523ceba8b,3.5,3.9,2024-11-30T15:33:41
task_0985,3e4eab52-5a1a-4a51-9315-206f3ea4ad33,1.6,3.0,2024-07-16T16:55:14
task_0986,3f45e5cd-a101-4a5d-b1b0-8780d2d16606,3.6,3.2,2024-11-03T19:32:21
task_0987,f4bfa4b5-b918-49d4-be6d-f28357628f91,1.1,1.9,2024-11-24T19:01:37
task_0988,ecf07a72-dec6-4134-8ee8-9e289d2f5f7f,1.9,3.3,2024-09-02T09:08:40
task_0989,5c890ecd-15d8-4f9e-9869-6870568eba39,4.4,5.3,2024-08-14T04:54:22
task_0990,310bc2db-843c-42ce-9961-70a493889cc8,2.3,2.2,2024-05-25T06:22:04
task_0991,da9e4494-4f3d-4e50-9bd3-0d84e4b4018a,2.1,3.0,2025-05-14T21:11:40
task_0992,7b805b71-c758-4dd7-8daf-e13886a81031,3.6,3.1,2025-01-27T09:34:23
task_0993,fe33116c-57bf-4388-89c8-c359b7f3df45,3.5,4.8,2024-09-10T23:13:33
task_0994,5c890ecd-15d8-4f9e-9869-6870568eba39,2.8,2.6,2024-10-20T22:56:54
task_0995,2a547cde-4c23-48f9-80ba-70739f08687a,3.6,4.9,2024-05-24T10:41:15
task_0996,99d840d9-46c9-4dfa-89d5-de0920195591,3.3,3.2,2024-07-24T01:49:57
task_0997,3f363020-b29f-4369-9a9d-39f16aba23da,4.3,4.2,2024-08-01T20:03:16
task_0998,038b01b1-8812-41f2-a9d9-2921d47afbf3,4.0,4.2,2025-01-30T00:06:36
task_0999,7992cd46-e42c-4b21-97a0-30f5f7a8ca33,1.5,1.5,2024-08-30T22:36:21
task_1000,1c1e3c80-1d84-46c7-8a60-688eaec5a929,2.7,3.5,2024-12-16T01:07:00
